"sec"	"mA"	"mV"
1,006	0,201493799686432	-1,95455622673035
1,997	0,910193920135498	0,112569577991962
2,996	1,14069330692291	-3,11968970298767
3,992	1,06313049793243	-0,338186055421829
4,989	1,00560665130615	-1,50331962108612
5,99	-0,729996860027313	-0,0375219397246838
6,98	0,750117659568787	-0,601327240467072
7,985	-1,2320499420166	-0,188094526529312
8,98	-1,26060879230499	0,488279432058334
9,975	0,103728897869587	-0,901991367340088
10,97	0,0519656278192997	0,0750467032194138
11,968	0,0278691798448563	-1,69141507148743
12,972	-0,450574487447739	1,50332140922546
13,966	-0,172287195920944	-3,30730414390564
14,962	0,130421608686447	1,54084432125092
15,964	0,354511380195618	-4,13425064086914
16,96	0,558805167675018	-0,338186055421829
17,958	0,775837302207947	-3,64549112319946
18,953	0,94856983423233	-0,338186055421829
19,952	1,10418367385864	-2,81902575492859
20,953	1,09412264823914	-0,526281535625458
21,949	1,02734982967377	-1,31570518016815
22,946	0,867923617362976	-0,225617408752441
23,939	0,639695405960083	-0,263140290975571
24,938	0,426801741123199	-0,3006631731987
25,937	0,232162952423096	-0,188094526529312
26,936	-1,09631407260895	-0,563804388046265
27,932	0,0517226159572601	0,18761533498764
28,927	0,0877452567219734	-2,89407134056091
29,926	0,124580010771751	0,450756549835205
30,918	0,167986422777176	-3,42035388946533
31,919	0,207011386752129	0,563806295394897
32,917	0,243116065859795	-3,04416298866272
33,916	1,06880903244019	-0,601327240467072
34,916	1,0989100933075	-2,02960205078125
35,913	1,03854703903198	-0,338186055421829
36,903	-0,230459094047546	-0,413712859153748
37,905	0,626633107662201	-0,375708937644958
38,901	0,405138522386551	-0,188094526529312
39,896	-1,05006837844849	-0,150571644306183
40,899	0,0817416608333588	-0,113048762083054
41,898	-0,047503475099802	-1,61636924743652
42,892	0,0484772846102715	-0,150571644306183
43,887	0,0700584724545479	-3,30730414390564
44,884	0,0969131886959076	1,31522595882416
45,888	0,139914572238922	-3,57044553756714
46,883	0,199303597211838	0,901993274688721
47,878	0,222914025187492	-3,11968970298767
48,874	0,252526998519897	0,638852000236511
49,876	0,268185585737228	-1,50331962108612
50,873	0,209688648581505	1,01456189155579
51,873	1,20048844814301	-1,24017834663391
52,867	-0,189486935734749	0,112569577991962
53,862	-0,672636032104492	-0,150571644306183
54,857	-1,00090146064758	0,0750467032194138
55,86	0,100645571947098	0,0750467032194138
56,859	0,0982113182544708	-1,91703343391418
57,847	-1,08738923072815	1,35274887084961
58,848	-0,688862681388855	-0,864468514919281
59,851	0,142753854393959	1,4657986164093
60,841	0,139265507459641	-2,89407134056091
61,844	0,267455518245697	1,05208480358124
62,841	0,242467001080513	-1,69141507148743
63,835	0,106406167149544	0,225619286298752
64,836	-0,227781817317009	-0,488758623600006
65,835	-0,702331066131592	9,39575329539366E-7
66,825	0,655354022979736	-0,263140290975571
67,828	-1,26596331596375	9,39575329539366E-7
68,821	-1,17647325992584	0,526283383369446
69,816	0,0496944151818752	-1,54084241390228
70,82	-0,400596410036087	1,35274887084961
71,819	0,010831456631422	-2,25522041320801
72,815	0,429398000240326	0,71389776468277
73,809	0,772834956645966	-2,89407134056091
74,803	1,02183330059052	0,225619286298752
75,809	1,14401972293854	-2,17969346046448
76,805	1,09144532680511	-0,338186055421829
77,801	0,935263454914093	-0,901991367340088
78,796	0,727806389331818	-0,263140290975571
79,797	-1,31723952293396	0,33818793296814
80,795	-1,23245596885681	-0,0750448182225227
81,792	-1,18523621559143	1,05208480358124
82,789	-1,0318945646286	-0,3006631731987
83,784	-0,180075988173485	0,826947510242462
84,782	0,129772543907166	-2,66845321655273
85,782	0,161333754658699	1,50332140922546
86,781	0,470045119524002	-3,19473552703857
87,775	0,748576521873474	0,939516127109528
88,768	0,311673015356064	-1,57836532592773
89,764	0,265427321195602	-0,0750448182225227
90,764	1,02767491340637	-2,02960205078125
91,76	-0,0347662046551704	0,18761533498764
92,76	0,85429322719574	-0,826945602893829
93,757	0,592313587665558	-0,263140290975571
94,757	0,353376299142838	-0,225617408752441
95,75	0,223400041460991	-0,601327240467072
96,751	0,080930583178997	0,30066505074501
97,749	0,0650279521942139	-1,20265543460846
98,744	-0,0466924048960209	2,17969536781311
99,741	0,00880221743136644	-0,338186055421829
100,742	0,0701394751667976	4,05872583389282
101,733	0,141293719410896	-0,150571644306183
102,734	0,231675893068314	4,09624862670898
103,731	0,283277153968811	-1,27770125865936
104,726	0,327494651079178	3,75806164741516
105,731	1,07789599895477	-2,48035764694214
106,727	1,18580400943756	0,0750467032194138
107,724	1,14410066604614	-1,57836532592773
108,715	-0,0659213736653328	0,488279432058334
109,715	-0,277516901493073	-0,225617408752441
110,716	0,580224335193634	-0,338186055421829
111,714	0,426963746547699	-0,0750448182225227
112,71	0,192731931805611	-0,864468514919281
113,704	-1,26377320289612	0,413233697414398
114,705	0,0628377422690392	-2,10464787483215
115,705	0,0742768794298172	0,901993274688721
116,7	0,132287800312042	-1,54084241390228
117,697	0,201818853616714	1,39027178287506
118,691	0,25634041428566	-3,38234996795654
119,69	0,314999341964722	0,939516127109528
120,688	0,323519259691238	-2,25522041320801
121,684	0,246523410081863	0,225619286298752
122,683	0,0632427558302879	-0,714376986026764
123,678	-0,233380407094955	0,0750467032194138
124,68	-0,594342052936554	-0,150571644306183
125,669	-0,987758100032806	0,0375238209962845
126,67	-1,20657432079315	0,263142168521881
127,668	-1,19659435749054	-0,113048762083054
128,662	-1,03773617744446	1,0896075963974
129,659	-0,749387860298157	-0,413712859153748
130,663	-0,441081523895264	1,69093585014343
131,654	-0,0993477553129196	-2,06712484359741
132,656	0,223725095391273	1,50332140922546
133,65	0,528461039066315	-2,81902575492859
134,646	0,781678855419159	0,30066505074501
135,651	0,268104583024979	-0,977037131786346
136,648	0,154924094676971	0,826947510242462
137,642	1,21955537796021	-1,9920791387558
138,638	1,12284457683563	-0,113048762083054
139,632	0,932262182235718	-0,901991367340088
140,638	-0,95895516872406	-0,0750448182225227
141,634	-1,15034866333008	0,375710815191269
142,629	-1,24089384078979	0,0750467032194138
143,626	-1,20032668113708	1,20265734195709
144,621	0,0820656716823578	-0,714376986026764
145,624	-0,78403240442276	1,84150838851929
146,623	-0,52765029668808	0,263142168521881
147,618	-0,237517818808556	2,96911907196045
148,614	0,0391463153064251	-0,826945602893829
149,608	0,288063645362854	2,29226398468018
150,611	0,547771036624908	-2,7810218334198
151,607	0,788412511348724	1,277703166008
152,603	1,01396346092224	-3,08168578147888
153,599	1,20162451267242	0,150092452764511
154,602	0,0469351038336754	-0,751899838447571
155,593	1,19164550304413	-0,413712859153748
156,596	-0,396133959293365	-0,188094526529312
157,591	1,01428747177124	-0,263140290975571
158,587	0,836200416088104	-0,488758623600006
159,586	0,62306272983551	-0,413712859153748
160,578	0,40432745218277	-0,0750448182225227
161,58	0,271511942148209	-0,638850152492523
162,579	-1,16600716114044	0,563806295394897
163,572	0,169689565896988	-1,57836532592773
164,569	0,133017867803574	-0,0750448182225227
165,571	-0,495196998119354	-1,61636924743652
166,562	0,129934549331665	0,112569577991962
167,564	0,0993474423885345	-3,5329225063324
168,56	0,20368504524231	0,0750467032194138
169,558	0,47986313700676	-2,74349880218506
170,551	0,201899856328964	-0,751899838447571
171,556	0,8758744597435	-3,45787668228149
172,55	1,07375860214233	-0,488758623600006
173,548	0,989948034286499	-2,51836156845093
174,541	-0,0320889391005039	0,263142168521881
175,546	1,08836197853088	-1,12760972976685
176,543	0,86143296957016	-0,188094526529312
177,54	0,815511286258698	-0,563804388046265
178,534	0,565944910049438	-0,263140290975571
179,534	0,640587508678436	-0,225617408752441
180,533	0,437916874885559	-0,601327240467072
181,529	0,350697994232178	0,0750467032194138
182,524	0,203035980463028	-0,826945602893829
183,518	0,183645009994507	9,39575329539366E-7
184,523	-0,928693115711212	9,39575329539366E-7
185,519	-0,73235011100769	1,57836723327637
186,517	-0,524405002593994	-1,3532280921936
187,514	-0,350536286830902	1,76646268367767
188,507	0,0586182922124863	0,413233697414398
189,508	0,129366487264633	4,96071815490723
190,501	0,235408276319504	-0,263140290975571
191,499	0,25390613079071	5,37443208694458
192,498	0,808371603488922	-1,05256390571594
193,494	0,38558554649353	3,6454930305481
194,49	0,413333356380463	-0,601327240467072
195,493	1,25598406791687	0,225619286298752
196,483	0,405301570892334	-0,977037131786346
197,487	1,11594784259796	-0,150571644306183
198,48	0,890802979469299	-0,488758623600006
199,477	-0,744682371616364	9,39575329539366E-7
200,479	0,308265686035156	9,39575329539366E-7
201,477	0,190054669976234	-1,3532280921936
202,474	-0,092614084482193	1,57836723327637
203,468	0,0250288676470518	-0,263140290975571
204,464	0,141455724835396	4,84814929962158
205,463	0,217477440834045	-0,113048762083054
206,461	0,326601535081863	3,6454930305481
207,461	0,373172283172607	0,0750467032194138
208,455	0,289361774921417	1,80398559570313
209,456	-0,00669332453981042	-0,225617408752441
210,454	0,772266864776611	-0,375708937644958
211,452	0,736163258552551	-0,0750448182225227
212,447	-1,02086043357849	-0,150571644306183
213,443	-1,35902380943298	0,939516127109528
214,441	-1,32778763771057	0,563806295394897
215,441	0,0228386577218771	2,70597791671753
216,434	-0,501525640487671	-0,263140290975571
217,436	0,216260313987732	4,5474853515625
218,429	0,340637981891632	-1,3532280921936
219,423	0,686347186565399	2,55540537834167
220,422	0,957737743854523	-2,55588436126709
221,424	0,198167473077774	1,05208480358124
222,42	0,00864021014422178	-0,338186055421829
223,417	-0,412846624851227	0,225619286298752
224,416	-0,690484821796417	-0,263140290975571
225,416	-1,01810109615326	0,0750467032194138
226,406	0,493736535310745	-0,338186055421829
227,408	-1,42036008834839	0,563806295394897
228,403	-1,42393040657043	2,17969536781311
229,398	-1,26385414600372	1,20265734195709
230,4	-1,04025042057037	3,00664186477661
231,401	0,096264123916626	-1,84150660037994
232,394	-0,366357922554016	2,8935923576355
233,39	-0,135614439845085	-2,14217066764832
234,387	0,152813851833344	2,17969536781311
235,39	0,325547456741333	-1,31570518016815
236,385	0,607648193836212	1,80398559570313
237,383	0,823787152767181	-1,84150660037994
238,377	0,98929899930954	0,788943529129028
239,373	1,05801892280579	-2,7810218334198
240,374	0,0779282674193382	0,977039039134979
241,369	1,16430270671844	-2,21769738197327
242,368	-0,0787396505475044	0,0375238209962845
243,361	1,13193154335022	-1,27770125865936
244,363	-0,493249803781509	9,39575329539366E-7
245,361	-0,643915116786957	-0,0750448182225227
246,356	-1,22531628608704	0,0750467032194138
247,356	-1,30896472930908	0,638852000236511
248,35	-1,25663340091705	0,0750467032194138
249,344	0,404895514249802	-0,150571644306183
250,343	-1,31529235839844	0,150092452764511
251,346	-1,40178120136261	1,42827570438385
252,341	-1,14661622047424	0,0750467032194138
253,337	-1,05452990531921	1,277703166008
254,338	-0,958387076854706	-0,3006631731987
255,328	0,0614586062729359	0,488279432058334
256,328	-0,769427895545959	-0,526281535625458
257,331	-0,537711322307587	2,74350070953369
258,323	-0,391509503126144	-0,563804388046265
259,319	-0,167905747890472	2,66845488548279
260,322	-0,0355772785842419	-3,45787668228149
261,312	0,152083784341812	1,57836723327637
262,317	0,311673015356064	-4,09672784805298
263,311	0,48805695772171	-0,150571644306183
264,306	0,611947596073151	-4,3598690032959
265,309	0,255204290151596	-0,188094526529312
266,307	0,21455717086792	-2,10464787483215
267,303	0,18121075630188	-0,150571644306183
268,296	1,0099880695343	-2,66845321655273
269,294	1,08868706226349	-0,375708937644958
270,297	-0,236381679773331	-0,488758623600006
271,291	-0,66728150844574	-0,113048762083054
272,291	-0,90013313293457	-0,150571644306183
273,283	0,619574368000031	-0,263140290975571
274,286	-1,17363393306732	0,0375238209962845
275,284	-1,34604251384735	-0,150571644306183
276,281	-1,33995687961578	0,263142168521881
277,277	-1,07010746002197	-0,789422750473022
278,272	-1,03010940551758	9,39575329539366E-7
279,271	-0,672636032104492	-2,40531182289124
280,269	-0,503634870052338	-0,0375219397246838
281,263	-0,253014385700226	-3,30730414390564
282,262	-0,0442581474781036	-0,150571644306183
283,259	0,232000946998596	-4,50996065139771
284,253	0,43386048078537	-0,451235741376877
285,252	0,623955845832825	-4,09672784805298
286,251	0,771130740642548	-0,789422750473022
287,249	0,896401524543762	-3,87110948562622
288,246	0,899402797222137	-0,789422750473022
289,246	0,979481995105743	-2,17969346046448
290,245	-0,433535754680634	-0,150571644306183
291,234	0,82800555229187	-0,977037131786346
292,237	0,74419504404068	-0,263140290975571
293,237	-1,04803919792175	0,150092452764511
294,234	-1,2418669462204	-0,263140290975571
295,23	-1,24884462356567	9,39575329539366E-7
296,229	-0,984187722206116	-1,3532280921936
297,223	0,148919463157654	-0,375708937644958
298,218	0,138616442680359	-3,08168578147888
299,214	0,184781134128571	-0,826945602893829
300,219	0,00807214807718992	-4,24681949615479
301,208	0,187458395957947	-0,864468514919281
302,21	0,477590888738632	-4,73557901382446
303,205	0,696813225746155	-0,751899838447571
304,2	0,262993067502975	-3,26978135108948
305,205	1,00852692127228	-0,67637300491333
306,201	1,09785497188568	-2,25522041320801
307,194	1,14604794979095	-0,413712859153748
308,189	0,0293293185532093	-0,751899838447571
309,191	0,922607183456421	-0,150571644306183
310,192	0,769832611083984	-0,413712859153748
311,182	0,658112287521362	-0,413712859153748
312,182	0,448789000511169	-0,0750448182225227
313,179	0,294960349798203	-0,638850152492523
314,173	0,211229801177979	0,0750467032194138
315,173	0,15833143889904	-1,31570518016815
316,175	-0,826707661151886	1,277703166008
317,17	0,12384994328022	-1,80398368835449
318,168	0,148108392953873	0,751420676708221
319,168	-0,139914900064468	-1,3532280921936
320,167	0,124499008059502	1,95407712459564
321,157	0,210256710648537	-2,66845321655273
322,159	0,551260411739349	0,864470362663269
323,152	0,297637611627579	-1,42827379703522
324,151	0,329927861690521	2,29226398468018
325,151	1,05096030235291	-2,55588436126709
326,142	0,178939536213875	0,676374912261963
327,144	0,936318576335907	-1,65389215946198
328,141	1,10215544700623	-0,263140290975571
329,134	-1,46441555023193	-0,263140290975571
330,141	0,572192549705505	-0,451235741376877
331,136	0,862406075000763	-0,263140290975571
332,13	0,145269110798836	-0,789422750473022
333,128	0,0131836719810963	9,39575329539366E-7
334,129	0,164822101593018	-1,80398368835449
335,127	0,0332237146794796	0,638852000236511
336,122	-0,0653533115983009	-0,789422750473022
337,12	0,126689225435257	1,50332140922546
338,113	0,0984553694725037	-0,375708937644958
339,115	0,193705007433891	4,81062650680542
340,113	0,265589326620102	0,638852000236511
341,107	0,324735343456268	4,5474853515625
342,107	0,356702625751495	9,39575329539366E-7
343,101	0,333741247653961	2,10464978218079
344,096	0,255204290151596	-0,375708937644958
345,095	0,150785654783249	0,901993274688721
346,099	0,983213365077972	-1,12760972976685
347,093	0,868409633636475	-0,150571644306183
348,088	-0,486597150564194	-0,3006631731987
349,09	0,43767386674881	-0,375708937644958
350,083	-1,07456994056702	0,0750467032194138
351,08	-1,15903055667877	9,39575329539366E-7
352,079	0,0977252945303917	0,450756549835205
353,075	0,00166249123867601	-0,751899838447571
354,07	-1,082115650177	3,15673351287842
355,074	0,212852984666824	-2,48035764694214
356,064	-0,520591557025909	3,45739769935608
357,068	0,187133356928825	0,0750467032194138
358,062	0,27970677614212	2,40531373023987
359,057	0,317352592945099	-0,714376986026764
360,059	0,384044378995895	1,35274887084961
361,057	0,371712148189545	-0,714376986026764
362,054	0,333255231380463	1,87903130054474
363,046	0,223644092679024	-0,714376986026764
364,044	0,053750816732645	0,601329147815704
365,047	-0,169771939516068	-0,375708937644958
366,043	-0,424692869186401	0,150092452764511
367,038	-0,766993641853333	-0,113048762083054
368,035	-1,15440499782562	0,0375238209962845
369,036	0,0570771507918835	0,33818793296814
370,035	-0,0415808781981468	-1,09008681774139
371,028	-1,38190317153931	1,277703166008
372,028	-0,0160242971032858	-1,61636924743652
373,023	-0,914412617683411	2,63093209266663
374,02	-0,648214519023895	-0,150571644306183
375,02	0,18502414226532	2,02960395812988
376,019	0,228106543421745	-1,31570518016815
377,016	0,352645188570023	2,14217257499695
378,009	0,262263000011444	-3,38234996795654
379,012	0,25277104973793	-0,0375219397246838
380,006	0,421447217464447	-3,04416298866272
381,004	0,187052354216576	1,54084432125092
382,001	0,109651498496532	-0,638850152492523
382,995	-0,169203877449036	0,71389776468277
383,996	-0,391914516687393	-0,0750448182225227
384,987	0,967716753482819	-0,113048762083054
385,986	-0,947028934955597	9,39575329539366E-7
386,986	-1,20543825626373	0,112569577991962
387,982	-1,36778569221497	0,977039039134979
388,979	-1,48697090148926	1,12761163711548
389,981	-1,34158003330231	1,35274887084961
390,98	-0,0626760423183441	-1,05256390571594
391,974	-1,02094149589539	2,51788234710693
392,971	-0,782977283000946	0,112569577991962
393,964	-0,520105540752411	3,60797023773193
394,961	-0,231433212757111	-0,451235741376877
395,965	0,2601538002491	3,38235187530518
396,963	0,306886553764343	-0,901991367340088
397,956	0,578926205635071	2,10464978218079
398,952	0,767480432987213	-1,87902939319611
399,956	0,316541522741318	1,69093585014343
400,946	1,04471254348755	-2,74349880218506
401,948	0,0821477174758911	0,18761533498764
402,944	-0,0213788319379091	-0,826945602893829
403,943	-0,254231512546539	0,0750467032194138
404,937	1,0703512430191	-1,12760972976685
405,94	-0,901594340801239	-0,0750448182225227
406,934	-1,00560688972473	-0,0375219397246838
407,932	-1,24722146987915	9,39575329539366E-7
408,934	-1,42198324203491	0,563806295394897
409,925	-1,33687460422516	0,30066505074501
410,927	-1,082115650177	1,9915999174118
411,923	-0,892263352870941	0,0750467032194138
412,916	-0,647971510887146	2,81854653358459
413,918	-0,423880755901337	0,225619286298752
414,917	-0,260560184717178	3,41987466812134
415,909	-0,0401207394897938	0,0750467032194138
416,909	0,158169433474541	3,11921072006226
417,904	0,302586078643799	-0,826945602893829
418,9	0,476941823959351	3,68301606178284
419,903	0,596695065498352	-2,40531182289124
420,893	0,710524618625641	2,02960395812988
421,895	0,820135772228241	-2,48035764694214
422,89	0,892101109027863	1,05208480358124
423,886	0,993598401546478	-2,55588436126709
424,883	1,0794380903244	0,0375238209962845
425,887	-0,0363073460757732	-0,413712859153748
426,883	-0,158737823367119	0,375710815191269
427,876	1,06596982479095	-1,61636924743652
428,873	1,04755294322968	-0,150571644306183
429,877	-0,768697798252106	-0,263140290975571
430,871	-0,964472711086273	0,0750467032194138
431,872	-1,02726912498474	9,39575329539366E-7
432,865	-1,15732634067535	-0,0375219397246838
433,865	-1,24024474620819	0,263142168521881
434,864	-1,41167914867401	0,488279432058334
435,86	-1,35691463947296	1,69093585014343
436,858	-1,31480634212494	0,751420676708221
437,852	-1,24024474620819	2,81854653358459
438,852	-1,06069648265839	1,277703166008
439,849	-0,885367691516876	3,04416489601135
440,847	-0,676043391227722	0,601329147815704
441,844	-0,495603054761887	4,32186698913574
442,837	-0,267780900001526	-1,20265543460846
443,84	-0,0909098908305168	4,39691257476807
444,834	0,104620978236198	-0,263140290975571
445,834	0,304371297359467	3,26978325843811
446,83	0,444407522678375	-1,1651326417923
447,825	0,602617681026459	2,48035955429077
448,82	0,742328822612762	-2,81902575492859
449,825	0,264048188924789	1,72893977165222
450,815	0,992219269275665	-2,10464787483215
451,817	0,0206484496593475	0,864470362663269
452,811	1,10012722015381	-1,84150660037994
453,807	1,01331436634064	-0,113048762083054
454,811	-0,654543220996857	-0,188094526529312
455,809	-0,854861557483673	-0,0375219397246838
456,803	-1,13679921627045	-0,150571644306183
457,798	0,460309118032455	-0,526281535625458
458,794	0,251796931028366	-0,263140290975571
459,8	-1,42206430435181	0,263142168521881
460,79	0,0384162440896034	0,30066505074501
461,792	-1,17119967937469	0,0375238209962845
462,787	-0,924392640590668	2,74350070953369
463,788	-0,631338834762573	-0,3006631731987
464,786	-0,437025129795074	2,96911907196045
465,784	-0,187215715646744	-1,05256390571594
466,778	-0,0327380076050758	2,63093209266663
467,772	0,137480318546295	-1,12760972976685
468,772	0,302992135286331	2,51788234710693
469,773	0,445948660373688	-2,7810218334198
470,771	0,293013155460358	2,33026790618896
471,763	0,720017611980438	-2,29274320602417
472,761	0,85388720035553	1,24018025398254
473,763	0,173828020691872	-0,563804388046265
474,755	1,00576865673065	0,601329147815704
475,755	-0,07646843791008	-0,150571644306183
476,753	-0,23151421546936	0,638852000236511
477,747	1,03238034248352	-1,61636924743652
478,748	-0,634909212589264	0,0750467032194138
479,748	-0,83100813627243	-0,0750448182225227
480,737	0,731781780719757	-0,375708937644958
481,737	-1,24860167503357	0,150092452764511
482,732	0,436375737190247	-0,488758623600006
483,731	-1,44307732582092	0,413233697414398
484,731	-1,31521141529083	-0,375708937644958
485,722	0,060890544205904	-0,3006631731987
486,724	-1,23756754398346	-0,451235741376877
487,721	-1,05769419670105	1,69093585014343
488,714	0,0347658954560757	-1,9920791387558
489,712	-0,0198376905173063	1,277703166008
490,716	-0,471993684768677	0,150092452764511
491,71	-0,229241967201233	3,00664186477661
492,706	-0,0354152731597424	-1,69141507148743
493,708	0,172610893845558	3,23226022720337
494,706	0,34404531121254	-2,21769738197327
495,705	0,282303035259247	2,10464978218079
496,7	0,616816103458405	-2,7059760093689
497,695	0,72220778465271	1,65341293811798
498,694	0,82419216632843	-3,08168578147888
499,693	0,118819423019886	0,71389776468277
500,688	0,955384492874146	-2,55588436126709
501,688	-0,10721755027771	0,638852000236511
502,68	0,968852877616882	-2,02960205078125
503,675	1,00568759441376	-0,225617408752441
504,675	0,967067718505859	-1,57836532592773
505,677	-0,792307198047638	9,39575329539366E-7
506,674	-0,949544191360474	-0,113048762083054
507,668	0,633772850036621	-0,413712859153748
508,669	-1,25630831718445	0,488279432058334
509,66	0,445786654949188	-0,413712859153748
510,66	-1,3710310459137	0,751420676708221
511,662	-1,30360913276672	-0,0375219397246838
512,657	-1,41549253463745	1,61589014530182
513,65	0,161819770932198	-1,1651326417923
514,654	-1,18474912643433	1,91655421257019
515,644	-0,0197566859424114	-1,1651326417923
516,648	-0,986134886741638	2,66845488548279
517,64	-0,914575636386871	0,751420676708221
518,638	-0,716610491275787	2,14217257499695
519,64	-0,650161743164063	-0,714376986026764
520,639	-0,505096018314362	3,19425630569458
521,635	-0,422339618206024	-0,451235741376877
522,63	-0,263561457395554	4,13425254821777
523,625	-0,141699060797691	-0,225617408752441
524,629	0,229971706867218	3,53292441368103
525,624	0,0771171897649765	0,30066505074501
526,619	0,208633527159691	4,39691257476807
527,617	0,302667111158371	-1,46579670906067
528,617	0,314756333827972	2,8935923576355
529,615	0,330901980400085	-0,826945602893829
530,613	0,335607469081879	2,17969536781311
531,609	0,312566131353378	-1,05256390571594
532,604	0,271511942148209	1,54084432125092
533,597	1,06702494621277	-2,48035764694214
534,603	0,137642323970795	0,939516127109528
535,595	-0,0880706235766411	-0,375708937644958
536,596	-0,302262395620346	0,488279432058334
537,591	-0,329442173242569	-0,263140290975571
538,593	-0,702249050140381	0,263142168521881
539,582	0,460958182811737	-0,977037131786346
540,582	-0,986053884029388	9,39575329539366E-7
541,582	-1,11448800563812	-0,0750448182225227
542,577	-1,17428302764893	-0,0375219397246838
543,576	-1,26977670192719	0,225619286298752
544,575	-1,37257325649261	0,18761533498764
545,566	-1,42636466026306	0,563806295394897
546,566	-1,38709568977356	0,33818793296814
547,564	-1,3311949968338	0,939516127109528
548,557	-1,25103485584259	0,0375238209962845
549,561	-1,27440118789673	1,57836723327637
550,56	0,0102633945643902	-1,42827379703522
551,555	-1,13387894630432	2,06712675094604
552,551	-1,1222767829895	0,901993274688721
553,546	-1,04430782794952	2,21721839904785
554,541	-1,01274657249451	0,150092452764511
555,546	0,0625126883387566	1,69093585014343
556,541	-0,962200462818146	0,450756549835205
557,536	-0,932587504386902	1,9915999174118
558,532	-0,898917078971863	0,112569577991962
559,537	0,0872581973671913	1,54084432125092
560,535	0,0725737288594246	-1,80398368835449
561,528	0,0751699954271317	2,10464978218079
562,524	0,108596377074718	-1,9920791387558
563,523	0,118495412170887	1,42827570438385
564,522	0,140319600701332	-1,87902939319611
565,517	0,150136590003967	2,63093209266663
566,516	0,142185792326927	-1,46579670906067
567,51	0,16912254691124	3,11921072006226
568,514	0,185186147689819	-1,57836532592773
569,505	0,198573529720306	2,96911907196045
570,501	0,208796575665474	-1,3532280921936
571,504	0,225753292441368	3,38235187530518
572,496	0,23053976893425	-0,751899838447571
573,496	0,257963597774506	3,04416489601135
574,489	0,271106898784637	-1,76646077632904
575,49	0,281247913837433	3,19425630569458
576,489	0,301206946372986	-1,20265543460846
577,483	0,311186999082565	1,9915999174118
578,479	0,296907544136047	-0,225617408752441
579,483	0,968771874904633	1,20265734195709
580,474	0,276137441396713	-0,601327240467072
581,477	1,04236042499542	0,413233697414398
582,471	0,206605330109596	-0,789422750473022
583,466	0,13967053592205	0,826947510242462
584,463	-0,0608098469674587	-0,338186055421829
585,468	0,920822024345398	-0,263140290975571
586,464	0,815105259418488	-0,714376986026764
587,457	-0,588987529277802	0,0375238209962845
588,454	-0,876199722290039	-0,0750448182225227
589,459	0,396132588386536	-0,601327240467072
590,452	0,229079633951187	-0,0750448182225227
591,45	0,158169433474541	-1,27770125865936
592,444	0,0824717283248901	0,263142168521881
593,445	0,0500184297561646	-1,69141507148743
594,446	0,103484846651554	0,71389776468277
595,435	0,0599164254963398	-2,25522041320801
596,439	0,136587202548981	1,61589014530182
597,434	0,158899500966072	-2,25522041320801
598,431	0,232081949710846	1,76646268367767
599,43	0,260802865028381	-1,84150660037994
600,426	0,313052147626877	2,33026790618896
601,423	0,319948881864548	-1,12760972976685
602,418	0,284007221460342	0,977039039134979
603,42	1,08187139034271	-1,76646077632904
604,41	-0,106325469911098	0,33818793296814
605,414	0,765857219696045	-0,826945602893829
606,409	-0,764560401439667	9,39575329539366E-7
607,406	-1,06605100631714	0,0375238209962845
608,4	-1,26993870735168	-0,150571644306183
609,405	-0,0232450272887945	0,676374912261963
610,395	-1,2714809179306	9,39575329539366E-7
611,399	0,109408482909203	0,225619286298752
612,392	-0,889017999172211	-0,225617408752441
613,388	-0,54988157749176	3,19425630569458
614,391	0,200358718633652	-1,54084241390228
615,389	0,246117353439331	3,60797023773193
616,385	0,285142302513123	-0,601327240467072
617,378	0,330739974975586	2,96911907196045
618,374	0,772510945796967	-2,33026623725891
619,38	0,210337713360786	1,42827570438385
620,37	0,0520466305315495	-0,413712859153748
621,373	-0,233055353164673	0,413233697414398
622,366	-0,541524767875671	-0,413712859153748
623,368	-0,789548933506012	9,39575329539366E-7
624,366	-1,15270185470581	0,0750467032194138
625,36	-1,33979487419128	-0,113048762083054
626,358	-1,29809260368347	0,601329147815704
627,354	-1,30880177021027	-0,0375219397246838
628,352	-1,05444884300232	1,277703166008
629,352	-0,858917951583862	-0,263140290975571
630,351	0,103403843939304	2,10464978218079
631,347	0,193624004721642	-1,84150660037994
632,339	0,0377671793103218	2,40531373023987
633,343	0,290253847837448	-1,3532280921936
634,337	0,505906820297241	2,59292817115784
635,338	0,319705843925476	-0,714376986026764
636,333	0,268348634243011	2,02960395812988
637,331	0,251309871673584	-0,789422750473022
638,328	0,112490773200989	0,526283383369446
639,328	-0,106812529265881	-0,413712859153748
640,318	1,1488071680069	-0,225617408752441
641,318	-0,599940657615662	-0,150571644306183
642,314	-0,696651458740234	9,39575329539366E-7
643,308	0,834496200084686	-0,638850152492523
644,312	-1,19132077693939	0,150092452764511
645,303	0,569109261035919	-0,150571644306183
646,307	-1,37232911586761	0,225619286298752
647,302	-1,25793159008026	1,05208480358124
648,296	-1,14888846874237	0,225619286298752
649,293	-1,02199554443359	2,06712675094604
650,297	-0,83498352766037	0,638852000236511
651,292	-0,562862873077393	3,38235187530518
652,289	-0,338529109954834	0,112569577991962
653,289	-0,0845002382993698	3,38235187530518
654,288	0,266157388687134	-0,826945602893829
655,286	0,31808266043663	2,78102374076843
656,279	0,606512069702148	-2,25522041320801
657,275	0,799527645111084	1,80398559570313
658,275	0,950029969215393	-2,25522041320801
659,275	0,135046079754829	1,05208480358124
660,27	-0,0505868010222912	-0,263140290975571
661,265	1,12341153621674	0,0750467032194138
662,26	1,04260337352753	-1,12760972976685
663,255	0,929097831249237	-0,225617408752441
664,255	0,779163599014282	-0,67637300491333
665,255	-1,14807736873627	9,39575329539366E-7
666,254	-0,998792231082916	0,112569577991962
667,248	-1,32413625717163	9,39575329539366E-7
668,249	-1,32024192810059	0,563806295394897
669,242	-1,29525232315063	0,225619286298752
670,24	-1,21525526046753	1,39027178287506
671,241	-1,10345387458801	0,0375238209962845
672,236	-1,05023038387299	2,02960395812988
673,229	0,0259219817817211	-1,46579670906067
674,234	-0,916035771369934	2,17969536781311
675,224	-0,795715570449829	0,413233697414398
676,229	-0,700464844703674	3,53292441368103
677,222	-0,569921612739563	1,16513442993164
678,218	-0,458930313587189	3,30730605125427
679,222	0,152164787054062	-0,413712859153748
680,219	0,168797492980957	3,98368000984192
681,215	-0,242548331618309	1,91655421257019
682,208	-0,0897737666964531	5,03624486923218
683,205	-0,00393505394458771	-0,263140290975571
684,209	0,256827473640442	4,50996255874634
685,205	0,288793712854385	0,0750467032194138
686,199	0,342179119586945	4,58500814437866
687,197	0,446192711591721	-1,54084241390228
688,197	0,346073508262634	3,75806164741516
689,196	0,355485498905182	-0,526281535625458
690,193	0,350211948156357	2,74350070953369
691,19	0,302424073219299	0,0750467032194138
692,184	0,243440091609955	1,80398559570313
693,186	0,19192086160183	-0,338186055421829
694,183	0,0393093600869179	0,901993274688721
695,18	-0,150542974472046	-0,263140290975571
696,177	-0,416417002677917	0,30066505074501
697,168	-0,64091283082962	-0,338186055421829
698,173	-0,875387609004974	0,0750467032194138
699,162	-1,08373785018921	-0,0375219397246838
700,166	-1,2817850112915	0,263142168521881
701,161	-1,46782290935516	0,864470362663269
702,155	-1,31715857982635	0,225619286298752
703,157	-1,06321179866791	2,55540537834167
704,156	-0,776648581027985	0,150092452764511
705,147	-0,470127493143082	3,38235187530518
706,147	-0,198168829083443	0,526283383369446
707,144	0,0948039814829826	4,69757699966431
708,139	0,360759019851685	-1,09008681774139
709,138	0,611136496067047	3,04416489601135
710,141	0,325060397386551	-0,3006631731987
711,138	0,20774145424366	1,69093585014343
712,131	1,10166835784912	-1,9920791387558
713,127	1,1604083776474	-0,0375219397246838
714,122	1,06102025508881	-1,27770125865936
715,126	-0,79896092414856	0,0750467032194138
716,123	-1,08738923072815	9,39575329539366E-7
717,116	0,447895884513855	-0,526281535625458
718,113	0,252689003944397	0,150092452764511
719,118	-1,3011759519577	0,33818793296814
720,112	-1,09769320487976	2,66845488548279
721,109	-0,788656830787659	0,977039039134979
722,105	-0,505258023738861	4,3593897819519
723,103	-0,174639418721199	0,977039039134979
724,102	0,109894506633282	5,52452325820923
725,1	0,398323833942413	0,30066505074501
726,095	0,668903410434723	3,04416489601135
727,09	0,867679595947266	-1,42827379703522
728,094	0,180723696947098	1,54084432125092
729,088	1,10750997066498	-2,02960205078125
730,087	1,09460961818695	0,150092452764511
731,083	0,998872935771942	-1,12760972976685
732,077	0,777621448040009	-0,338186055421829
733,078	0,567973136901855	-0,338186055421829
734,069	0,331063985824585	-0,638850152492523
735,067	0,210743770003319	0,150092452764511
736,071	-1,2908718585968	1,277703166008
737,062	-0,0631620660424232	1,12761163711548
738,067	-0,815105497837067	0,939516127109528
739,063	-0,570651650428772	4,81062650680542
740,054	0,0527766980230808	-0,451235741376877
741,056	-0,046043336391449	5,22385931015015
742,049	0,172934904694557	0,488279432058334
743,048	0,21463817358017	6,08832883834839
744,049	0,6269571185112	-0,638850152492523
745,048	0,776080310344696	2,51788234710693
746,044	0,891126990318298	-1,65389215946198
747,039	0,988324880599976	1,69093585014343
748,041	1,05444860458374	-1,84150660037994
749,034	1,10564374923706	0,526283383369446
750,027	0,232650011777878	0,0375238209962845
751,032	1,10320949554443	0,0750467032194138
752,025	1,05274546146393	-1,20265543460846
753,02	-0,208228841423988	0,939516127109528
754,02	0,834821283817291	-0,789422750473022
755,021	0,689754486083984	-0,413712859153748
756,017	0,652027666568756	-0,488758623600006
757,012	0,372036159038544	-0,563804388046265
758,011	0,258530616760254	-0,0375219397246838
759,01	0,0627567395567894	-0,714376986026764
760,011	-1,24965572357178	2,17969536781311
761,005	0,00758612714707851	-0,789422750473022
762	0,0246238503605127	1,61589014530182
763,001	-0,897212862968445	1,80398559570313
763,991	0,00344768236391246	2,48035955429077
764,992	0,056266076862812	-0,488758623600006
765,99	0,0203233975917101	3,45739769935608
766,987	0,0640548691153526	-0,225617408752441
767,981	0,0857170596718788	4,8856725692749
768,986	0,143970981240273	0,977039039134979
769,976	0,155816182494164	6,5395655632019
770,98	0,383638352155685	0,450756549835205
771,973	0,479781121015549	4,8856725692749
772,968	0,259423732757568	1,277703166008
773,973	0,692431747913361	3,23226022720337
774,97	0,786790370941162	-1,76646077632904
775,967	0,885285377502441	2,14217257499695
776,96	0,965120494365692	-1,87902939319611
777,955	0,346073508262634	3,68301606178284
778,961	1,09615087509155	-1,95455622673035
779,958	1,09744894504547	0,601329147815704
780,95	1,1200042963028	-1,61636924743652
781,946	1,11132335662842	0,0375238209962845
782,941	1,07708489894867	-1,24017834663391
783,946	-0,63734245300293	0,18761533498764
784,944	-0,856564700603485	-0,0750448182225227
785,939	0,775593221187592	-0,526281535625458
786,934	0,642615675926208	-0,526281535625458
787,932	0,432886362075806	-0,488758623600006
788,933	-1,36567652225494	0,71389776468277
789,928	-1,50230538845062	0,488279432058334
790,926	-1,44778382778168	1,35274887084961
791,92	0,095534048974514	-1,01504111289978
792,923	-1,31367027759552	2,48035955429077
793,913	0,0284372419118881	-0,488758623600006
794,917	-1,05266463756561	4,02120304107666
795,912	-0,945405781269073	2,25474119186401
796,908	-0,762775182723999	4,5474853515625
797,908	-0,676286399364471	2,93159627914429
798,908	-0,505096018314362	4,92319536209106
799,898	-0,0207297652959824	0,676374912261963
800,9	-0,252608329057693	6,91527509689331
801,894	-0,138291716575623	1,9915999174118
802,891	-0,0195126384496689	5,93823719024658
803,892	0,0758190602064133	0,939516127109528
804,892	0,13593815267086	5,37443208694458
805,886	0,217396438121796	0,864470362663269
806,882	0,288469672203064	5,26138210296631
807,876	0,347371637821198	0,977039039134979
808,882	0,322951197624207	5,22385931015015
809,877	0,46826097369194	-0,375708937644958
810,873	0,52489173412323	4,39691257476807
811,867	0,553612649440765	-0,563804388046265
812,863	0,59393572807312	4,24682140350342
813,86	0,623306751251221	-2,29274320602417
814,863	0,331794053316116	2,70597791671753
815,861	0,320029884576797	-0,188094526529312
816,854	0,706062138080597	2,06712675094604
817,855	0,315081387758255	-0,3006631731987
818,854	0,315648406744003	2,29226398468018
819,851	0,224455162882805	1,20265734195709
820,847	0,301937013864517	2,63093209266663
821,842	0,276704460382462	0,30066505074501
822,836	0,969177961349487	1,84150838851929
823,837	0,219586655497551	0,150092452764511
824,839	0,179669603705406	1,76646268367767
825,834	0,120117552578449	0,0750467032194138
826,83	0,103484846651554	1,20265734195709
827,83	0,0553729645907879	-0,113048762083054
828,821	1,13103842735291	0,601329147815704
829,821	0,010831456631422	-0,150571644306183
830,82	-0,0796327590942383	0,788943529129028
831,816	-0,113222189247608	-0,263140290975571
832,81	-0,10291813313961	0,676374912261963
833,815	-0,173179268836975	-0,451235741376877
834,805	-0,126608520746231	0,30066505074501
835,81	-0,27605676651001	-0,413712859153748
836,803	-0,285629689693451	0,150092452764511
837,798	-0,307942003011703	-0,375708937644958
838,802	0,839607775211334	-0,375708937644958
839,866	-0,998467147350311	3,41987466812134
840,795	0,784356117248535	-0,338186055421829
841,789	-0,514506995677948	-0,338186055421829
842,786	-0,573490977287292	0,0750467032194138
843,79	0,715311110019684	-0,451235741376877
844,784	0,693161845207214	-0,338186055421829
845,789	0,685292065143585	-0,563804388046265
846,776	-0,692432045936584	0,150092452764511
847,78	0,638154268264771	-0,338186055421829
848,775	0,613732755184174	-0,338186055421829
849,771	0,634908974170685	-0,413712859153748
850,771	0,646510124206543	-0,451235741376877
851,765	0,558237135410309	-0,338186055421829
852,757	-0,788169801235199	0,150092452764511
853,762	0,599859356880188	-0,338186055421829
854,753	-0,831819236278534	-0,150571644306183
855,753	0,408627897500992	-0,375708937644958
856,75	0,470694184303284	-0,488758623600006
857,754	-1,37176108360291	0,563806295394897
858,742	0,333904296159744	-0,714376986026764
859,743	0,253095060586929	-0,225617408752441
860,857	0,324086278676987	9,39575329539366E-7
861,736	0,110219560563564	0,563806295394897
862,738	-0,023975096642971	-1,12760972976685
863,737	-1,11546099185944	2,74350070953369
864,727	-0,0569154508411884	-1,27770125865936
865,727	0,00312366848811507	1,277703166008
866,724	0,0605654902756214	-1,65389215946198
867,719	-0,000446713587734848	2,40531373023987
868,722	-0,167175680398941	-0,563804388046265
869,721	0,0288422591984272	3,45739769935608
870,718	0,272486060857773	-0,826945602893829
871,711	0,25390613079071	3,53292441368103
872,707	0,301368951797485	-0,714376986026764
873,711	0,939482927322388	1,12761163711548
874,707	1,05907309055328	-2,06712484359741
875,702	1,14539885520935	-0,150571644306183
876,698	0,988000869750977	-1,12760972976685
877,693	-0,549556493759155	0,150092452764511
878,698	0,430777132511139	-0,263140290975571
879,693	0,0977252945303917	-0,826945602893829
880,69	0,0215405263006687	0,788943529129028
881,683	-0,0747642442584038	-0,864468514919281
882,681	0,141861781477928	1,65341293811798
883,684	0,146648243069649	-0,601327240467072
884,68	0,240519806742668	2,66845488548279
885,678	0,296176433563232	-1,01504111289978
886,671	0,337067604064941	2,40531373023987
887,675	1,08446764945984	-2,21769738197327
888,666	0,195490211248398	1,20265734195709
889,668	-0,0433660708367825	-0,375708937644958
890,664	-0,400677412748337	0,150092452764511
891,657	-0,75441837310791	-0,150571644306183
892,661	0,359379887580872	-0,338186055421829
893,65	-1,270831823349	0,488279432058334
894,651	-1,25484824180603	0,0750467032194138
895,652	0,0794694051146507	0,864470362663269
896,645	-1,18450605869293	0,488279432058334
897,64	-0,94808304309845	2,17969536781311
898,644	0,0904225260019302	-0,338186055421829
899,635	-0,657220482826233	4,09624862670898
900,636	0,110543571412563	0,413233697414398
901,633	0,164903104305267	4,39691257476807
902,627	-0,143403246998787	0,413233697414398
903,63	0,258206605911255	3,34482884407043
904,628	0,293824225664139	-0,451235741376877
905,623	0,325952470302582	3,30730605125427
906,621	0,335769474506378	-0,0750448182225227
907,613	0,753605961799622	2,14217257499695
908,618	0,319380819797516	-0,638850152492523
909,616	0,234678208827972	1,12761163711548
910,612	0,109813503921032	-0,526281535625458
911,606	-0,0458003282546997	0,601329147815704
912,605	-0,264940589666367	-0,3006631731987
913,606	0,737379312515259	-0,3006631731987
914,601	-0,717502593994141	-0,225617408752441
915,597	-1,00674307346344	0,112569577991962
916,592	-1,22312498092651	0,33818793296814
917,591	-1,362025141716	0,0750467032194138
918,59	-1,33184409141541	1,01456189155579
919,584	-1,30961382389069	0,864470362663269
920,584	-1,00877118110657	2,33026790618896
921,581	-0,843340396881104	1,05208480358124
922,581	0,133179873228073	2,93159627914429
923,574	-0,194841459393501	-0,263140290975571
924,573	0,256665468215942	3,57044720649719
925,573	0,319705843925476	-1,27770125865936
926,567	0,654461920261383	1,95407712459564
927,561	0,884880363941193	-2,40531182289124
928,566	0,134559020400047	0,901993274688721
929,556	1,12503480911255	-1,87902939319611
930,559	-0,500633597373962	0,18761533498764
931,552	-0,863542437553406	-0,150571644306183
932,548	0,647971272468567	-0,413712859153748
933,554	-1,38303923606873	1,01456189155579
934,55	-1,2917640209198	0,33818793296814
935,547	-1,08665919303894	2,59292817115784
936,539	-0,680911898612976	-0,113048762083054
937,535	-0,347209960222244	4,32186698913574
938,539	0,0282752346247435	-0,488758623600006
939,537	0,3969447016716	3,41987466812134
940,531	0,706468224525452	-1,54084241390228
941,528	0,976317644119263	1,277703166008
942,522	1,09931516647339	-2,21769738197327
943,527	-0,392969638109207	0,413233697414398
944,525	-0,740381896495819	-0,225617408752441
945,521	-1,09647607803345	9,39575329539366E-7
946,515	0,426233679056168	-0,0750448182225227
947,513	0,271187901496887	-0,901991367340088
948,514	-1,31732165813446	2,74350070953369
949,503	-0,0295736789703369	-0,864468514919281
950,506	-0,60083270072937	2,70597791671753
951,502	0,0504244826734066	-0,826945602893829
952,504	0,0980493128299713	3,38235187530518
953,496	0,204821184277534	-0,338186055421829
954,497	0,620710492134094	1,69093585014343
955,493	0,821027815341949	-2,63093018531799
956,488	0,987432777881622	0,826947510242462
957,489	1,10726702213287	-1,9920791387558
958,489	1,08235847949982	-0,113048762083054
959,48	0,96398538351059	-1,09008681774139
960,48	0,773240983486176	-0,413712859153748
961,474	0,42785581946373	-0,3006631731987
962,47	0,256016373634338	-0,67637300491333
963,472	0,0462860390543938	0,563806295394897
964,472	0,0276261698454618	-1,05256390571594
965,465	0,0218655783683062	1,91655421257019
966,46	0,0678682625293732	-2,40531182289124
967,456	0,126040145754814	3,04416489601135
968,462	0,325141400098801	-1,3532280921936
969,458	0,616816103458405	2,06712675094604
970,455	0,85761958360672	-2,25522041320801
971,45	0,290253847837448	2,06712675094604
972,45	1,06515872478485	-1,65389215946198
973,445	-0,0884756371378899	0,788943529129028
974,443	0,801474869251251	-0,826945602893829
975,441	0,566756010055542	-0,375708937644958
976,458	0,110057555139065	0,0375238209962845
977,431	-1,35902380943298	-0,113048762083054
978,431	0,0288422591984272	0,225619286298752
979,428	0,0187822561711073	-1,69141507148743
980,426	0,0276261698454618	1,9915999174118
981,422	0,117197275161743	-1,39075088500977
982,42	0,184456080198288	4,09624862670898
983,416	0,26769956946373	-0,413712859153748
984,416	0,308752745389938	3,6454930305481
985,411	0,250741809606552	-0,263140290975571
986,412	0,0762240812182426	1,01456189155579
987,413	-0,265265643596649	-0,3006631731987
988,401	0,983944416046143	-0,150571644306183
989,406	-1,0126656293869	-0,0750448182225227
990,4	-1,13055264949799	-0,225617408752441
991,396	-1,38904285430908	0,751420676708221
992,39	-1,311154961586	0,450756549835205
993,395	-1,03002834320068	2,66845488548279
994,385	-0,663711130619049	-0,263140290975571
995,389	-0,312404453754425	4,7355809211731
996,381	0,0552109554409981	-1,09008681774139
997,378	0,327088594436646	3,34482884407043
998,382	0,305831432342529	-0,413712859153748
999,38	0,27970677614212	1,9915999174118
1000,376	0,140319600701332	-0,113048762083054
1001,37	1,07822096347809	0,413233697414398
1002,366	1,07814002037048	-1,57836532592773
1003,37	-0,563835978507996	0,18761533498764
1004,359	0,818594634532928	-0,826945602893829
1005,36	-1,09915339946747	0,0750467032194138
1006,357	0,464609593153	-0,3006631731987
1007,359	-1,38441836833954	0,0750467032194138
1008,352	-1,38214612007141	1,05208480358124
1009,35	-1,25703942775726	0,150092452764511
1010,351	-0,951166331768036	1,76646268367767
1011,345	-0,706306457519531	-0,488758623600006
1012,342	-0,357433021068573	3,49492049217224
1013,342	-0,141456052660942	-0,526281535625458
1014,338	0,14372693002224	2,70597791671753
1015,335	0,382502198219299	-2,33026623725891
1016,331	0,618682324886322	2,14217257499695
1017,333	0,830926895141602	-2,66845321655273
1018,323	1,01469349861145	0,30066505074501
1019,327	1,05071616172791	-1,87902939319611
1020,321	0,980861127376556	-0,150571644306183
1021,317	0,817377507686615	-0,751899838447571
1022,317	0,555640876293182	-0,338186055421829
1023,316	-1,34498739242554	0,263142168521881
1024,308	0,159304514527321	-0,977037131786346
1025,31	-1,10645508766174	0,676374912261963
1026,306	0,0913966447114944	-2,02960205078125
1027,299	0,0827147364616394	0,71389776468277
1028,303	-0,134235307574272	-2,17969346046448
1029,301	0,136750251054764	1,35274887084961
1030,295	0,394834458827972	-3,26978135108948
1031,291	0,272405058145523	1,65341293811798
1032,285	0,290416896343231	-1,9920791387558
1033,284	0,270376831293106	1,12761163711548
1034,281	0,175613209605217	-1,24017834663391
1035,284	0,970962107181549	-0,113048762083054
1036,276	-0,228755936026573	-0,488758623600006
1037,278	0,728536486625671	-0,413712859153748
1038,276	0,593773722648621	-0,413712859153748
1039,276	0,439052999019623	-0,563804388046265
1040,27	0,316054463386536	-0,338186055421829
1041,263	0,220479771494865	-0,826945602893829
1042,264	0,0501804351806641	0,0750467032194138
1043,264	0,00539488019421697	-1,3532280921936
1044,261	-0,0380925387144089	1,12761163711548
1045,258	0,0645408928394318	-1,91703343391418
1046,253	-0,0119678946211934	3,04416489601135
1047,25	0,0459620244801044	0,33818793296814
1048,246	0,118495412170887	4,39691257476807
1049,248	0,290010839700699	-1,9920791387558
1050,245	0,533978641033173	2,48035955429077
1051,24	0,291632980108261	-1,05256390571594
1052,239	0,96723073720932	0,939516127109528
1053,23	0,242467001080513	-0,451235741376877
1054,229	0,0332237146794796	1,0896075963974
1055,23	0,901269018650055	-1,09008681774139
1056,225	-0,62630832195282	0,150092452764511
1057,221	-0,963011562824249	-0,0750448182225227
1058,224	0,146486237645149	-0,901991367340088
1059,215	-1,33938980102539	0,263142168521881
1060,217	0,036145031452179	-1,87902939319611
1061,211	-0,939402163028717	2,48035955429077
1062,21	0,113058835268021	-2,10464787483215
1063,213	0,194760128855705	3,60797023773193
1064,209	0,26769956946373	-1,69141507148743
1065,203	0,288955718278885	2,10464978218079
1066,199	0,233542084693909	-0,263140290975571
1067,202	0,0203233975917101	1,12761163711548
1068,199	-0,240439131855965	-0,338186055421829
1069,189	-0,668092548847198	0,112569577991962
1070,194	-0,972829580307007	-0,188094526529312
1071,187	-1,23448419570923	-0,0375219397246838
1072,186	-1,34961187839508	0,676374912261963
1073,187	0,103566892445087	-1,31570518016815
1074,182	-1,33581948280334	2,17969536781311
1075,18	-0,0211358219385147	-0,451235741376877
1076,173	-0,852670311927795	3,04416489601135
1077,172	-0,613490045070648	0,413233697414398
1078,171	0,148595452308655	4,58500814437866
1079,165	-0,0151311820372939	-0,413712859153748
1080,163	0,259179681539536	3,68301606178284
1081,159	0,526919901371002	-2,17969346046448
1082,161	0,275812387466431	3,60797023773193
1083,154	0,910681009292603	-1,91703343391418
1084,152	1,01477456092834	0,788943529129028
1085,151	-0,308104008436203	-0,188094526529312
1086,147	-0,729915857315063	0,18761533498764
1087,142	0,775756239891052	-0,901991367340088
1088,146	-1,19351196289063	-0,0750448182225227
1089,136	0,404976516962051	-0,263140290975571
1090,139	-1,42036008834839	0,33818793296814
1091,133	-1,33573842048645	1,91655421257019
1092,128	-1,27350914478302	1,277703166008
1093,132	-0,981104373931885	3,26978325843811
1094,13	-0,771051049232483	1,01456189155579
1095,124	-0,497388243675232	4,62253093719482
1096,12	-0,318651050329208	0,864470362663269
1097,124	0,211311832070351	5,37443208694458
1098,121	0,245955348014832	1,01456189155579
1099,115	0,327088594436646	4,02120304107666
1100,112	0,519212126731873	-0,864468514919281
1101,107	0,714419007301331	2,40531373023987
1102,109	0,21885658800602	-0,0750448182225227
1103,099	0,982402265071869	0,788943529129028
1104,105	-0,0597547255456448	-0,338186055421829
1105,102	-0,3006392121315	0,488279432058334
1106,093	0,990353047847748	-1,3532280921936
1107,093	-0,745169401168823	0,0750467032194138
1108,096	-0,923662543296814	-0,150571644306183
1109,085	0,630446493625641	-0,451235741376877
1110,088	-1,2920069694519	0,150092452764511
1111,083	-1,281947016716	-0,150571644306183
1112,084	-1,4401570558548	0,788943529129028
1113,075	0,227619484066963	-0,714376986026764
1114,077	-1,29525232315063	0,788943529129028
1115,072	-1,19554018974304	-0,150571644306183
1116,067	-1,10037052631378	1,20265734195709
1117,069	-0,98151046037674	-0,488758623600006
1118,068	-0,920741260051727	1,20265734195709
1119,059	-0,836849749088287	-0,901991367340088
1120,061	-0,670282781124115	2,25474119186401
1121,054	-0,548258364200592	-0,413712859153748
1122,051	-0,398811221122742	2,29226398468018
1123,053	-0,318408042192459	-1,27770125865936
1124,053	0,210094705224037	2,25474119186401
1125,048	-0,0894497558474541	-1,84150660037994
1126,043	0,0608095414936543	1,50332140922546
1127,039	0,136669248342514	-2,55588436126709
1128,034	0,226970419287682	1,80398559570313
1129,037	0,32140901684761	-2,96911716461182
1130,033	0,399215936660767	1,42827570438385
1131,028	0,466069728136063	-3,23225855827332
1132,024	0,53982025384903	1,05208480358124
1133,03	0,319380819797516	-1,54084241390228
1134,027	0,313701212406158	1,54084432125092
1135,023	0,308346688747406	-1,31570518016815
1136,015	0,859566807746887	0,225619286298752
1137,016	0,253176063299179	-1,12760972976685
1138,017	0,196626335382462	0,71389776468277
1139,013	0,137236267328262	-1,01504111289978
1140,009	-0,0248671714216471	0,71389776468277
1141,001	-0,124580323696136	-0,263140290975571
1141,997	1,04519963264465	-0,188094526529312
1142,997	-0,292932480573654	-0,526281535625458
1144	-0,436781078577042	0,225619286298752
1144,994	-0,506961226463318	-0,3006631731987
1145,992	-0,611542820930481	9,39575329539366E-7
1146,99	-0,730077862739563	-0,225617408752441
1147,984	-0,868166923522949	-0,0375219397246838
1148,984	-0,968610107898712	-0,0375219397246838
1149,981	-1,02434885501862	-0,0750448182225227
1150,977	-1,16300594806671	-0,0750448182225227
1151,97	-1,22620832920074	-0,0375219397246838
1152,975	0,180561691522598	-0,225617408752441
1153,965	-1,33930778503418	-0,0375219397246838
1154,968	-1,37005794048309	0,225619286298752
1155,963	-1,37865781784058	-0,0750448182225227
1156,966	0,0475031696259975	0,0750467032194138
1157,956	-1,56250548362732	-0,0750448182225227
1158,96	-0,000365710147889331	0,225619286298752
1159,955	0,0230816695839167	-1,57836532592773
1160,949	-1,27537536621094	1,39027178287506
1161,946	-1,14483201503754	0,112569577991962
1162,95	0,099185436964035	0,939516127109528
1163,944	0,0832827985286713	-2,25522041320801
1164,941	0,146242186427116	1,54084432125092
1165,938	0,130502611398697	-1,95455622673035
1166,938	0,150785654783249	2,14217257499695
1167,929	-0,28473761677742	-0,789422750473022
1168,93	0,221939906477928	1,76646268367767
1169,928	0,234029144048691	-1,91703343391418
1170,925	0,276218444108963	1,84150838851929
1171,922	0,29828667640686	-1,57836532592773
1172,923	0,288063645362854	2,51788234710693
1173,916	0,26883465051651	-0,714376986026764
1174,917	0,23719348013401	1,39027178287506
1175,911	0,149082511663437	-0,488758623600006
1176,913	0,0485582910478115	0,788943529129028
1177,904	-0,137155592441559	-0,413712859153748
1178,904	-0,282709419727325	0,30066505074501
1179,905	0,765046179294586	-0,563804388046265
1180,899	-0,697787582874298	0,0750467032194138
1181,895	-0,954898715019226	-0,0375219397246838
1182,897	0,341044038534164	-0,67637300491333
1183,896	0,213014990091324	-0,188094526529312
1184,889	0,0803625211119652	-1,09008681774139
1185,886	-1,38977301120758	0,676374912261963
1186,887	0,0114805232733488	-1,54084241390228
1187,883	0,0485582910478115	0,71389776468277
1188,882	-0,0262473467737436	-1,87902939319611
1189,876	0,018863258883357	1,42827570438385
1190,871	-0,974694728851318	0,788943529129028
1191,872	0,0475841723382473	2,81854653358459
1192,866	0,115736097097397	-0,826945602893829
1193,862	-0,392320573329926	4,13425254821777
1194,865	0,193380996584892	-1,91703343391418
1195,857	0,208066508173943	3,04416489601135
1196,856	0,222914025187492	-1,61636924743652
1197,854	0,249362677335739	3,00664186477661
1198,848	0,26502126455307	-0,451235741376877
1199,85	0,274433255195618	3,00664186477661
1200,844	0,282222032546997	-0,526281535625458
1201,844	0,267050504684448	2,63093209266663
1202,845	0,932586193084717	-2,17969346046448
1203,837	0,267455518245697	1,91655421257019
1204,838	1,0093389749527	-2,02960205078125
1205,831	0,14259184896946	1,39027178287506
1206,835	1,0305141210556	-1,65389215946198
1207,829	-0,0252732280641794	0,71389776468277
1208,829	0,962687253952026	-1,39075088500977
1209,824	0,895995497703552	-0,263140290975571
1210,818	-0,388020128011703	-0,3006631731987
1211,819	0,745980262756348	-0,338186055421829
1212,816	0,59766811132431	-0,413712859153748
1213,809	-0,935750782489777	0,0375238209962845
1214,81	0,311836063861847	-0,225617408752441
1215,805	-1,26904666423798	9,39575329539366E-7
1216,802	-1,4113541841507	0,33818793296814
1217,804	0,0698964670300484	-1,39075088500977
1218,795	-1,30360913276672	0,788943529129028
1219,796	0,0496123731136322	-2,25522041320801
1220,79	-1,04089951515198	1,50332140922546
1221,796	0,0989413857460022	-2,06712484359741
1222,784	-0,556209206581116	0,864470362663269
1223,789	0,192001864314079	-2,81902575492859
1224,784	0,212365925312042	1,20265734195709
1225,779	0,248470604419708	-2,81902575492859
1226,782	0,265752375125885	1,95407712459564
1227,779	0,291227966547012	-2,36778903007507
1228,775	0,265508323907852	1,20265734195709
1229,77	0,235164240002632	-1,69141507148743
1230,767	0,168635487556458	0,977039039134979
1231,766	0,0685983300209045	-1,01504111289978
1232,766	0,96017199754715	-0,225617408752441
1233,762	0,775188207626343	-0,901991367340088
1234,76	0,708739399909973	-0,375708937644958
1235,753	-0,945081770420074	-0,0750448182225227
1236,748	-1,231400847435	-0,0375219397246838
1237,751	0,384774476289749	-0,0750448182225227
1238,748	0,373415291309357	-1,84150660037994
1239,744	0,0928567871451378	0,488279432058334
1240,74	-0,683102071285248	-0,901991367340088
1241,742	0,189810618758202	1,87903130054474
1242,732	0,0328997001051903	-1,65389215946198
1243,733	0,277921587228775	0,150092452764511
1244,732	0,283277153968811	-2,48035764694214
1245,726	0,806424379348755	-0,451235741376877
1246,723	-0,0466924048960209	-1,01504111289978
1247,719	1,37200486660004	-0,413712859153748
1248,717	0,754418075084686	-1,01504111289978
1249,72	-0,884150564670563	-0,0750448182225227
1250,715	-1,58960425853729	0,150092452764511
1251,708	-1,042360663414	-0,488758623600006
1252,715	0,255934357643127	-0,413712859153748
1253,711	-1,05379974842072	-1,91703343391418
1254,705	-0,752633154392242	-0,150571644306183
1255,702	-0,290903240442276	-3,15721273422241
1256,698	0,0819036662578583	0,225619286298752
1257,695	0,405625581741333	-4,24681949615479
1258,696	0,649512410163879	-0,0750448182225227
1259,694	0,136182188987732	-1,80398368835449
1260,688	1,03595077991486	-0,338186055421829
1261,682	1,29265582561493	-1,69141507148743
1262,687	-1,04584896564484	0,0375238209962845
1263,681	0,657707273960114	-0,488758623600006
1264,681	-1,21906864643097	-0,150571644306183
1265,675	0,264535248279572	-0,0375219397246838
1266,673	-1,16803538799286	-0,563804388046265
1267,673	-0,92601478099823	0,225619286298752
1268,669	-0,602211833000183	-1,05256390571594
1269,667	-0,302181392908096	0,977039039134979
1270,66	0,18121075630188	-3,6830141544342
1271,664	0,291632980108261	-0,113048762083054
1272,659	0,560184299945831	-3,90863251686096
1273,657	0,771779835224152	-0,563804388046265
1274,653	0,911005020141602	-3,45787668228149
1275,65	1,03432750701904	-0,451235741376877
1276,649	0,994653522968292	-1,65389215946198
1277,648	0,908814787864685	-0,3006631731987
1278,639	0,643995881080627	-0,526281535625458
1279,639	0,47710382938385	-0,338186055421829
1280,636	0,304858356714249	9,39575329539366E-7
1281,63	0,184051066637039	-0,789422750473022
1282,634	-0,945892810821533	0,71389776468277
1283,633	-0,638073563575745	-1,39075088500977
1284,628	0,157114312052727	-0,0750448182225227
1285,622	0,195815250277519	-3,42035388946533
1286,619	0,243440091609955	0,150092452764511
1287,614	0,261451929807663	-3,49539971351624
1288,617	0,939725935459137	-0,375708937644958
1289,613	1,04219734668732	-2,40531182289124
1290,61	-0,0751703009009361	-0,188094526529312
1291,604	-0,214313447475433	-0,225617408752441
1292,601	-0,379177242517471	0,0375238209962845
1293,603	0,328224718570709	0,0750467032194138
1294,601	0,203766062855721	-0,225617408752441
1295,597	0,132125794887543	9,39575329539366E-7
1296,596	0,111679695546627	-0,977037131786346
1297,595	0,0318445786833763	-0,451235741376877
1298,593	-0,0561853833496571	-2,25522041320801
1299,589	-0,0540751405060291	-0,451235741376877
1300,584	-0,0532640665769577	-1,27770125865936
1301,577	0,728779494762421	-0,413712859153748
1302,577	-0,230135083198547	-0,263140290975571
1303,577	-0,119306787848473	0,150092452764511
1304,575	-0,175045475363731	0,112569577991962
1305,57	-0,245793655514717	0,263142168521881
1306,572	-0,286846816539764	0,150092452764511
1307,562	-0,261777311563492	0,225619286298752
1308,563	-0,169690936803818	9,39575329539366E-7
1309,561	-0,0156992450356483	0,150092452764511
1310,556	0,0900175124406815	0,0375238209962845
1311,551	0,19297493994236	0,0750467032194138
1312,556	-0,109408795833588	0,112569577991962
1313,546	0,186484292149544	0,150092452764511
1314,548	0,16222582757473	0,18761533498764
1315,544	0,157520368695259	0,0375238209962845
1316,54	0,17017662525177	0,150092452764511
1317,537	0,185592204332352	0,112569577991962
1318,541	-0,264535576105118	0,150092452764511
1319,535	-0,191921189427376	0,0750467032194138
1320,529	0,115817107260227	0,150092452764511
1321,526	0,0423106402158737	0,150092452764511
1322,529	0,137480318546295	0,150092452764511
1323,525	0,193299993872643	0,0750467032194138
1324,521	0,207254394888878	0,150092452764511
1325,518	0,179344564676285	0,18761533498764
1326,517	0,151921778917313	0,0375238209962845
1327,517	0,153544962406158	0,150092452764511
1328,511	0,1653091609478	0,150092452764511
1329,509	0,192488923668861	0,150092452764511
1330,503	0,185916215181351	0,0750467032194138
1331,502	0,168959498405457	0,112569577991962
1332,502	0,105595096945763	0,0750467032194138
1333,501	0,0664070844650269	0,150092452764511
1334,498	-0,0427170023322105	-0,0750448182225227
1335,489	-0,0845002382993698	0,112569577991962
1336,493	0,20400907099247	0,0750467032194138
1337,483	-0,110787928104401	0,112569577991962
1338,484	-0,115980453789234	0,112569577991962
1339,483	-0,150299966335297	9,39575329539366E-7
1340,477	-0,209445968270302	0,112569577991962
1341,479	0,185673207044601	0,0750467032194138
1342,478	0,182914942502975	0,0750467032194138
1343,468	-0,24644273519516	0,0750467032194138
1344,468	0,0230006650090218	0,112569577991962
1345,467	-0,0311148222535849	9,39575329539366E-7
1346,462	0,182589888572693	0,150092452764511
1347,458	0,221290841698647	9,39575329539366E-7
1348,462	-0,121415995061398	0,150092452764511
1349,457	-0,142511174082756	0,150092452764511
1350,452	-0,194436445832253	0,0750467032194138
1351,448	-0,246280714869499	0,18761533498764
1352,45	-0,309808194637299	0,0750467032194138
1353,442	-0,298855066299438	0,0750467032194138
1354,446	-0,244901582598686	0,0750467032194138
1355,445	0,0754940062761307	0,112569577991962
1356,437	-0,00937163084745407	-0,0750448182225227
1357,436	0,108677379786968	0,112569577991962
1358,437	-0,0974005535244942	0,0750467032194138
1359,43	0,226483359932899	0,150092452764511
1360,426	0,208471521735191	0,112569577991962
1361,425	0,180318683385849	0,150092452764511
1362,425	-0,155573487281799	0,18761533498764
1363,416	0,151678770780563	0,0750467032194138
1364,418	0,171636775135994	0,225619286298752
1365,416	-0,270377159118652	0,150092452764511
1366,416	-0,305588752031326	0,18761533498764
1367,411	-0,282547414302826	0,112569577991962
1368,41	-0,245306611061096	0,150092452764511
1369,401	0,170744687318802	-0,0375219397246838
1370,4	0,126365199685097	0,150092452764511
1371,4	0,0346838533878326	0,0750467032194138
1372,391	0,0196743328124285	0,112569577991962
1373,39	-0,0342791453003883	9,39575329539366E-7
1374,391	0,214151114225388	0,0750467032194138
1375,386	0,210337713360786	0,0750467032194138
1376,383	0,219343632459641	0,112569577991962
1377,385	0,190703734755516	0,150092452764511
1378,386	0,180480688810349	0,150092452764511
1379,38	0,171150743961334	0,150092452764511
1380,373	0,161900773644447	0,0750467032194138
1381,371	0,153300911188126	0,225619286298752
1382,364	0,146972268819809	0,150092452764511
1383,369	0,14356492459774	0,112569577991962
1384,364	0,146323204040527	0,0750467032194138
1385,361	0,145918175578117	0,18761533498764
1386,355	0,156059190630913	0,112569577991962
1387,359	-0,277678906917572	0,150092452764511
1388,35	0,182914942502975	0,0375238209962845
1389,352	0,188675537705421	0,150092452764511
1390,347	0,196545332670212	0,0750467032194138
1391,346	0,198897540569305	0,150092452764511
1392,345	-0,246199712157249	0,0375238209962845
1393,343	-0,210825100541115	0,0750467032194138
1394,339	-0,160359963774681	0,0375238209962845
1395,333	0,126770228147507	0,225619286298752
1396,331	0,108434364199638	0,112569577991962
1397,331	0,01204754691571	0,112569577991962
1398,331	0,0625126883387566	0,0375238209962845
1399,325	0,111598692834377	0,0375238209962845
1400,322	0,141617730259895	9,39575329539366E-7
1401,322	0,176505282521248	0,0750467032194138
1402,312	-0,0650282576680183	9,39575329539366E-7
1403,313	0,205307200551033	0,112569577991962
1404,313	0,226645365357399	0,150092452764511
1405,308	0,217315435409546	0,0750467032194138
1406,305	0,211067795753479	0,0750467032194138
1407,307	0,198979586362839	0,112569577991962
1408,297	0,18121075630188	0,112569577991962
1409,3	0,176018223166466	0,112569577991962
1410,295	0,16254985332489	0,225619286298752
1411,289	0,146242186427116	0,0375238209962845
1412,294	-0,186403602361679	0,18761533498764
1413,292	-0,201170116662979	0,0750467032194138
1414,287	0,167337357997894	0,150092452764511
1415,284	0,174639090895653	0,112569577991962
1416,285	-0,271188229322433	0,0750467032194138
1417,282	-0,298124998807907	0,18761533498764
1418,278	-0,298368006944656	0,112569577991962
1419,272	0,199141591787338	0,112569577991962
1420,271	-0,289930164813995	0,150092452764511
1421,271	-0,256827771663666	0,112569577991962
1422,26	0,182589888572693	0,0750467032194138
1423,263	-0,188756853342056	9,39575329539366E-7
1424,259	-0,190380036830902	0,0750467032194138
1425,256	-0,0850683003664017	0,0750467032194138
1426,25	0,103566892445087	0,112569577991962
1427,255	-0,00353003665804863	0,0375238209962845
1428,252	0,0223516002297401	0,150092452764511
1429,249	0,0483962818980217	9,39575329539366E-7
1430,243	0,0989413857460022	0,150092452764511
1431,236	-0,0345221571624279	0,150092452764511
1432,239	0,16246885061264	0,0750467032194138
1433,238	0,186728328466415	0,0375238209962845
1434,236	0,210743770003319	0,150092452764511
1435,23	0,212365925312042	0,112569577991962
1436,23	0,194273069500923	0,150092452764511
1437,229	0,193624004721642	0,0750467032194138
1438,221	0,172529891133308	0,0750467032194138
1439,222	0,16644424200058	0,18761533498764
1440,213	0,157925382256508	0,0750467032194138
1441,219	-0,152896225452423	0,18761533498764
1442,214	-0,168067753314972	0,112569577991962
1443,213	-0,187945783138275	0,225619286298752
1444,209	-0,223157361149788	0,112569577991962
1445,202	0,161982819437981	0,225619286298752
1446,198	0,173990026116371	0,112569577991962
1447,203	-0,283520489931107	0,150092452764511
1448,197	-0,283682495355606	0,0375238209962845
1449,192	0,194273069500923	0,0750467032194138
1450,188	0,18494313955307	0,0750467032194138
1451,184	0,175531163811684	0,150092452764511
1452,188	-0,154113352298737	0,0375238209962845
1453,183	-0,0867724865674973	0,0750467032194138
1454,181	-0,00255591841414571	9,39575329539366E-7
1455,178	0,0561850741505623	0,112569577991962
1456,176	0,120442606508732	9,39575329539366E-7
1457,176	0,166039228439331	0,112569577991962
1458,172	0,200763732194901	0,0750467032194138
1459,168	0,216260313987732	0,150092452764511
1460,161	0,20392806828022	0,112569577991962
1461,157	0,190946742892265	0,150092452764511
1462,157	0,175613209605217	0,18761533498764
1463,16	0,161251708865166	0,0750467032194138
1464,155	0,146567240357399	0,150092452764511
1465,149	0,153544962406158	0,112569577991962
1466,151	0,149487525224686	0,225619286298752
1467,142	0,156059190630913	0,0750467032194138
1468,145	0,160521641373634	0,225619286298752
1469,143	-0,276623785495758	0,18761533498764
1470,137	0,183157950639725	0,150092452764511
1471,131	0,188594534993172	0,112569577991962
1472,136	-0,264535576105118	0,150092452764511
1473,129	0,178533479571342	0,0375238209962845
1474,129	-0,185105472803116	0,112569577991962
1475,124	0,147540330886841	0,0750467032194138
1476,12	0,129934549331665	0,18761533498764
1477,125	0,00531387701630592	9,39575329539366E-7
1478,121	0,0524526871740818	0,150092452764511
1479,117	0,108272358775139	0,0375238209962845
1480,11	0,159710571169853	0,112569577991962
1481,106	-0,0721679851412773	9,39575329539366E-7
1482,11	0,213014990091324	0,150092452764511
1483,105	0,207092389464378	0,0750467032194138
1484,101	0,194841146469116	0,112569577991962
1485,098	0,169771611690521	0,112569577991962
1486,098	0,162955895066261	0,150092452764511
1487,097	0,152246832847595	0,225619286298752
1488,095	0,143808975815773	0,0375238209962845
1489,09	0,14729730784893	0,150092452764511
1490,085	0,156222239136696	0,18761533498764
1491,079	0,15849344432354	0,150092452764511
1492,083	0,169771611690521	0,150092452764511
1493,076	0,183076947927475	0,150092452764511
1494,078	0,192001864314079	0,112569577991962
1495,07	0,180642694234848	0,150092452764511
1496,074	-0,28847000002861	0,0750467032194138
1497,064	0,191271796822548	0,150092452764511
1498,068	-0,206687703728676	0,0750467032194138
1499,064	-0,155816495418549	0,0750467032194138
1500,058	0,140319600701332	-0,0375219397246838
1501,057	-0,0298166889697313	0,0750467032194138
1502,057	0,0394713655114174	9,39575329539366E-7
1503,048	0,0255969297140837	0,0750467032194138
1504,051	0,140644654631615	9,39575329539366E-7
1505,044	-0,0472604669630527	0,150092452764511
1506,048	0,201493799686432	0,112569577991962
1507,038	-0,097644604742527	0,150092452764511
1508,042	0,220560774207115	0,0750467032194138
1509,038	0,187701418995857	0,0375238209962845
1510,031	0,181454807519913	0,0750467032194138
1511,026	-0,113708205521107	0,150092452764511
1512,032	0,152246832847595	0,112569577991962
1513,029	0,154924094676971	0,0750467032194138
1514,023	0,143970981240273	0,150092452764511
1515,019	0,151921778917313	0,0750467032194138
1516,014	0,140563651919365	0,18761533498764
1517,019	-0,216017633676529	0,0375238209962845
1518,009	0,15435603260994	0,150092452764511
1519,012	0,166120231151581	0,0750467032194138
1520,006	0,168310433626175	0,0750467032194138
1521,005	0,180156663060188	0,150092452764511
1522,005	-0,282384365797043	0,150092452764511
1523,001	-0,290822237730026	9,39575329539366E-7
1523,997	0,189324602484703	0,0750467032194138
1524,992	0,19597727060318	0,112569577991962
1525,996	-0,259262055158615	0,150092452764511
1526,986	0,177884414792061	-0,0375219397246838
1527,989	-0,175288483500481	0,150092452764511
1528,983	-0,127257585525513	0,0375238209962845
1529,979	0,108677379786968	0,112569577991962
1530,98	-0,0179714951664209	9,39575329539366E-7
1531,971	0,0640548691153526	0,150092452764511
1532,97	0,0147258527576923	9,39575329539366E-7
1533,973	0,125391080975533	0,150092452764511
1534,966	0,160521641373634	0,0375238209962845
1535,963	0,20368504524231	0,150092452764511
1536,965	0,205956265330315	0,0750467032194138
1537,965	0,202629923820496	0,150092452764511
1538,957	0,194517120718956	0,0750467032194138
1539,953	0,179507598280907	0,150092452764511
1540,954	0,163930013775826	0,150092452764511
1541,952	0,152164787054062	0,150092452764511
1542,951	-0,132207110524178	0,150092452764511
1543,946	0,152083784341812	0,0750467032194138
1544,942	0,148676455020905	0,150092452764511
1545,935	0,147946387529373	0,0750467032194138
1546,94	-0,188837856054306	0,225619286298752
1547,934	0,151759773492813	0,0375238209962845
1548,933	-0,228349879384041	0,150092452764511
1549,927	0,155735179781914	9,39575329539366E-7
1550,922	0,163117915391922	0,150092452764511
1551,927	-0,274920642375946	0,112569577991962
1552,924	-0,264291524887085	0,0750467032194138
1553,92	-0,278246968984604	0,112569577991962
1554,914	0,181372761726379	0,0750467032194138
1555,912	0,177803412079811	0,0375238209962845
1556,912	-0,284331560134888	0,150092452764511
1557,907	-0,271026223897934	0,0750467032194138
1558,907	-0,269241034984589	0,112569577991962
1559,901	-0,25033712387085	0,0750467032194138
1560,902	-0,23849193751812	0,112569577991962
1561,892	0,177154347300529	-0,0375219397246838
1562,893	-0,187701731920242	0,112569577991962
1563,892	-0,15646556019783	9,39575329539366E-7
1564,888	-0,128474712371826	0,112569577991962
1565,882	-0,0810929015278816	0,0750467032194138
1566,887	-0,0108317695558071	0,150092452764511
1567,877	0,0127786546945572	9,39575329539366E-7
1568,879	0,0657580196857452	0,150092452764511
1569,875	0,0957781001925468	9,39575329539366E-7
1570,869	0,124823026359081	0,150092452764511
1571,874	-0,0851493030786514	0,0375238209962845
1572,871	-0,0974815562367439	0,0750467032194138
1573,868	-0,109894812107086	0,0750467032194138
1574,863	0,204902186989784	0,112569577991962
1575,865	-0,118089661002159	0,0375238209962845
1576,862	-0,11792765557766	0,150092452764511
1577,858	-0,12579745054245	0,0750467032194138
1578,852	0,209039583802223	0,150092452764511
1579,85	-0,115818448364735	0,0750467032194138
1580,843	0,186403274536133	0,112569577991962
1581,848	-0,120442919433117	0,150092452764511
1582,846	-0,124905377626419	0,0750467032194138
1583,841	-0,135776445269585	0,150092452764511
1584,834	0,150704652070999	0,112569577991962
1585,834	-0,155167430639267	0,18761533498764
1586,834	-0,165633499622345	0,0375238209962845
1587,83	-0,184456408023834	0,150092452764511
1588,827	-0,197519764304161	0,0750467032194138
1589,821	-0,206687703728676	0,18761533498764
1590,824	-0,212204232811928	0,150092452764511
1591,82	-0,2354896068573	0,150092452764511
1592,815	-0,246036678552628	0,0750467032194138
1593,814	-0,255772650241852	0,112569577991962
1594,81	-0,261533260345459	0,0750467032194138
1595,81	-0,27370348572731	0,150092452764511
1596,809	0,191190794110298	0,0750467032194138
1597,8	-0,28855100274086	0,112569577991962
1598,802	-0,305750757455826	0,0375238209962845
1599,796	-0,292526423931122	0,150092452764511
1600,792	-0,289200067520142	0,0750467032194138
1601,795	0,168310433626175	0,0375238209962845
1602,794	0,152813851833344	9,39575329539366E-7
1603,787	-0,252608329057693	0,150092452764511
1604,789	0,131476730108261	9,39575329539366E-7
1605,778	-0,221859231591225	0,112569577991962
1606,784	0,0927757769823074	9,39575329539366E-7
1607,778	0,0770361870527267	0,150092452764511
1608,775	0,0640548691153526	9,39575329539366E-7
1609,771	0,0506674945354462	0,0750467032194138
1610,767	0,0389843061566353	9,39575329539366E-7
1611,769	0,0174841228872538	0,150092452764511
1612,766	0,0043407971970737	0,0375238209962845
1613,763	-0,0106697622686625	0,150092452764511
1614,756	-0,00888457149267197	9,39575329539366E-7
1615,757	-0,010344710201025	0,0750467032194138
1616,749	-0,0371184200048447	9,39575329539366E-7
1617,753	-0,0431230589747429	0,0375238209962845
1618,749	-0,0475844815373421	-0,0750448182225227
1619,743	-0,0651092603802681	0,150092452764511
1620,737	-0,0590246580541134	9,39575329539366E-7
1621,737	-0,0690036565065384	0,112569577991962
1622,737	-0,0699777752161026	9,39575329539366E-7
1623,736	-0,0844192355871201	0,0750467032194138
1624,731	-0,0969134941697121	9,39575329539366E-7
1625,731	0,20757944881916	0,0375238209962845
1626,725	-0,0985366776585579	0,0375238209962845
1627,721	-0,111842013895512	0,150092452764511
1628,722	-0,114520318806171	0,150092452764511
1629,718	-0,1150873452425	0,18761533498764
1630,711	-0,11395225673914	0,0750467032194138
1631,716	0,19589626789093	0,112569577991962
1632,706	-0,11395225673914	0,0375238209962845
1633,709	0,168959498405457	0,0375238209962845
1634,705	0,16644424200058	0,112569577991962
1635,699	-0,125310391187668	0,112569577991962
1636,699	0,157601371407509	0,150092452764511
1637,701	0,168635487556458	0,0750467032194138
1638,696	0,17317895591259	0,150092452764511
1639,69	0,186809331178665	0,0750467032194138
1640,694	0,192488923668861	0,150092452764511
1641,69	0,205145195126534	0,0750467032194138
1642,68	-0,313783586025238	0,112569577991962
1643,681	0,188431486487389	-0,0375219397246838
1644,678	0,17009562253952	0,0375238209962845
1645,678	0,134559020400047	9,39575329539366E-7
1646,679	-0,0540751405060291	0,0750467032194138
1647,672	0,0723296850919724	9,39575329539366E-7
1648,669	0,0450689122080803	9,39575329539366E-7
1649,665	0,00920827314257622	9,39575329539366E-7
1650,659	-0,0195936411619186	0,150092452764511
1651,663	-0,0530210547149181	9,39575329539366E-7
1652,662	0,208552524447441	0,112569577991962
1653,657	-0,0909098908305168	9,39575329539366E-7
1654,652	-0,0935871601104736	0,112569577991962
1655,655	0,209120586514473	0,112569577991962
1656,644	-0,116791531443596	0,150092452764511
1657,645	-0,1257164478302	0,150092452764511
1658,644	0,168635487556458	0,0750467032194138
1659,64	0,157601371407509	0,150092452764511
1660,64	0,150217592716217	0,0375238209962845
1661,638	0,146648243069649	0,112569577991962
1662,629	-0,176100596785545	0,0750467032194138
1663,631	0,171069741249084	0,0750467032194138
1664,625	0,194760128855705	0,0375238209962845
1665,621	-0,2732974588871	0,0750467032194138
1666,619	0,201169788837433	0,0750467032194138
1667,623	0,198005467653275	0,112569577991962
1668,62	0,169365555047989	0,0750467032194138
1669,613	0,142753854393959	0,112569577991962
1670,609	0,0882323160767555	9,39575329539366E-7
1671,613	0,0380922295153141	0,0750467032194138
1672,609	-0,00125778641086072	0,0375238209962845
1673,604	-0,0530210547149181	0,112569577991962
1674,6	-0,0902608260512352	9,39575329539366E-7
1675,602	0,218937590718269	0,0750467032194138
1676,599	0,194436118006706	0,0750467032194138
1677,594	-0,119874849915504	0,0750467032194138
1678,592	-0,126040458679199	0,150092452764511
1679,585	-0,144458368420601	0,0750467032194138
1680,586	0,161982819437981	0,225619286298752
1681,584	0,184132069349289	9,39575329539366E-7
1682,581	0,184618085622787	0,112569577991962
1683,577	0,204334124922752	0,0375238209962845
1684,574	0,196707338094711	0,112569577991962
1685,576	0,181859821081161	0,0750467032194138
1686,566	-0,266482770442963	0,0750467032194138
1687,569	0,0995094478130341	0,0375238209962845
1688,564	0,0452319569885731	0,112569577991962
1689,558	-0,00450311647728086	-0,0750448182225227
1690,56	-0,0528590492904186	0,150092452764511
1691,551	0,137642323970795	-0,0375219397246838
1692,555	-0,111274987459183	0,0750467032194138
1693,553	-0,118089661002159	9,39575329539366E-7
1694,546	-0,132856175303459	0,150092452764511
1695,543	-0,118251666426659	0,0750467032194138
1696,545	-0,119144782423973	0,150092452764511
1697,545	0,160440638661385	0,0750467032194138
1698,54	-0,14851476252079	0,0375238209962845
1699,534	-0,17820979654789	0,18761533498764
1700,529	-0,20879690349102	9,39575329539366E-7
1701,525	-0,2354896068573	0,0750467032194138
1702,529	-0,272729396820068	0,0750467032194138
1703,524	-0,290173172950745	0,112569577991962
1704,523	-0,299341082572937	0,150092452764511
1705,515	-0,294960677623749	0,150092452764511
1706,52	0,163523972034454	9,39575329539366E-7
1707,519	0,138372391462326	0,112569577991962
1708,514	0,124661013484001	9,39575329539366E-7
1709,507	-0,157276645302773	0,0750467032194138
1710,507	0,0346838533878326	9,39575329539366E-7
1711,508	-0,00718038389459252	0,0750467032194138
1712,506	-0,0355772785842419	-0,0750448182225227
1713,499	-0,0671385005116463	0,112569577991962
1714,493	0,141942784190178	9,39575329539366E-7
1715,492	-0,102755092084408	0,112569577991962
1716,488	-0,118900738656521	0,0750467032194138
1717,486	-0,121984057128429	0,150092452764511
1718,486	-0,120279870927334	0,0750467032194138
1719,482	-0,120685927569866	0,0750467032194138
1720,483	-0,122146062552929	0,112569577991962
1721,476	-0,137561649084091	9,39575329539366E-7
1722,474	-0,16320027410984	0,18761533498764
1723,473	-0,195572569966316	0,0375238209962845
1724,469	-0,225104555487633	0,18761533498764
1725,463	-0,262020319700241	0,112569577991962
1726,468	-0,286116749048233	0,150092452764511
1727,458	-0,287252873182297	0,112569577991962
1728,461	-0,279464095830917	0,150092452764511
1729,456	-0,231108158826828	0,0375238209962845
1730,45	-0,157763704657555	0,0750467032194138
1731,454	0,0282752346247435	-0,0750448182225227
1732,453	-0,0176464430987835	0,0750467032194138
1733,446	0,0647039338946342	-0,0375219397246838
1734,442	0,146486237645149	0,150092452764511
1735,439	0,196383327245712	-0,0750448182225227
1736,442	-0,119063779711723	0,112569577991962
1737,437	-0,118981741368771	0,150092452764511
1738,433	-0,122795127332211	0,0750467032194138
1739,43	-0,131151989102364	0,112569577991962
1740,423	0,163280948996544	0,0750467032194138
1741,428	-0,161902144551277	0,150092452764511
1742,422	-0,187134712934494	9,39575329539366E-7
1743,422	-0,225185558199883	0,18761533498764
1744,414	-0,253014385700226	0,150092452764511
1745,414	-0,290660232305527	0,150092452764511
1746,414	-0,300477206707001	0,112569577991962
1747,413	-0,299909144639969	0,0750467032194138
1748,409	-0,290660232305527	0,112569577991962
1749,401	-0,26980909705162	0,0750467032194138
1750,405	0,124254964292049	-0,0375219397246838
1751,4	-0,192489251494408	0,0750467032194138
1752,398	-0,156303554773331	9,39575329539366E-7
1753,395	-0,0957784056663513	0,0750467032194138
1754,389	-0,0737911686301231	9,39575329539366E-7
1755,39	-0,0405267961323261	9,39575329539366E-7
1756,389	-0,0308718122541904	-0,0750448182225227
1757,38	0,0496123731136322	0,0750467032194138
1758,383	-0,0650282576680183	-0,0375219397246838
1759,376	0,108434364199638	0,0750467032194138
1760,372	0,147703364491463	0,0375238209962845
1761,375	-0,10721755027771	0,0750467032194138
1762,374	-0,113303191959858	9,39575329539366E-7
1763,367	-0,120198868215084	0,0750467032194138
1764,364	-0,120604924857616	9,39575329539366E-7
1765,358	0,228836625814438	0,150092452764511
1766,364	-0,118008658289909	-0,0375219397246838
1767,358	-0,1109499335289	0,112569577991962
1768,356	-0,111274987459183	0,0375238209962845
1769,349	-0,118576720356941	0,0750467032194138
1770,352	-0,119712844491005	0,112569577991962
1771,351	-0,130989983677864	0,0750467032194138
1772,345	-0,147703692317009	0,0750467032194138
1773,342	-0,17115107178688	0,0750467032194138
1774,338	-0,197113707661629	0,150092452764511
1775,334	-0,227294757962227	0,112569577991962
1776,336	-0,259262055158615	0,0750467032194138
1777,335	0,20360404253006	0,0750467032194138
1778,328	-0,296339809894562	0,112569577991962
1779,323	-0,298042953014374	9,39575329539366E-7
1780,318	-0,300964266061783	0,0750467032194138
1781,318	-0,276867836713791	0,0750467032194138
1782,321	0,10527004301548	0,0750467032194138
1783,317	0,0530207492411137	9,39575329539366E-7
1784,31	-0,139427840709686	0,0750467032194138
1785,312	-0,00937163084745407	-0,0750448182225227
1786,306	0,0290863085538149	0,0750467032194138
1787,302	0,0766301304101944	9,39575329539366E-7
1788,303	-0,0952103435993195	0,0375238209962845
1789,298	0,171555772423744	-0,0750448182225227
1790,294	0,207254394888878	9,39575329539366E-7
1791,297	-0,114438273012638	0,0375238209962845
1792,287	0,223157033324242	0,150092452764511
1793,289	-0,109570801258087	0,0750467032194138
1794,285	-0,113059140741825	0,0750467032194138
1795,282	-0,116791531443596	0,0750467032194138
1796,284	-0,12190305441618	9,39575329539366E-7
1797,282	-0,124012261629105	0,150092452764511
1798,278	-0,139184832572937	0,0375238209962845
1799,272	-0,156060546636581	0,112569577991962
1800,274	-0,175045475363731	9,39575329539366E-7
1801,27	-0,199060916900635	0,225619286298752
1802,267	-0,216017633676529	9,39575329539366E-7
1803,264	-0,241493210196495	0,0750467032194138
1804,258	-0,268510967493057	9,39575329539366E-7
1805,258	-0,296095758676529	0,0750467032194138
1806,258	0,191676810383797	0,0750467032194138
1807,255	0,208147510886192	0,0750467032194138
1808,25	-0,298855066299438	0,0375238209962845
1809,246	-0,267374843358994	0,0750467032194138
1810,239	-0,226159676909447	0,0750467032194138
1811,243	0,0584562867879868	0,0375238209962845
1812,236	-0,0767114460468292	9,39575329539366E-7
1813,237	-0,0439341329038143	0,0750467032194138
1814,232	0,0945609733462334	-0,0375219397246838
1815,234	-0,106082461774349	0,112569577991962
1816,224	0,20084473490715	9,39575329539366E-7
1817,225	-0,122227065265179	0,112569577991962
1818,225	-0,115574404597282	0,150092452764511
1819,219	-0,134073302149773	0,150092452764511
1820,22	-0,12190305441618	0,0750467032194138
1821,218	-0,152977228164673	0,0750467032194138
1822,212	-0,166120558977127	0,150092452764511
1823,212	-0,212448284029961	0,150092452764511
1824,205	-0,255772650241852	0,112569577991962
1825,201	-0,293013483285904	0,0750467032194138
1826,206	-0,310213208198547	0,150092452764511
1827,203	-0,296339809894562	0,0750467032194138
1828,197	-0,262912392616272	0,150092452764511
1829,193	-0,196302637457848	0,0375238209962845
1830,196	0,018944263458252	0,112569577991962
1831,193	-0,0298166889697313	9,39575329539366E-7
1832,19	-0,0811739042401314	0,0375238209962845
1833,186	0,180480688810349	-0,0750448182225227
1834,181	0,22266997396946	0,0375238209962845
1835,175	0,223157033324242	9,39575329539366E-7
1836,18	-0,114276267588139	0,0750467032194138
1837,174	0,187377393245697	9,39575329539366E-7
1838,171	0,163036912679672	0,0750467032194138
1839,166	0,164984107017517	0,0750467032194138
1840,166	-0,248876988887787	0,0750467032194138
1841,161	0,184781134128571	0,0750467032194138
1842,163	-0,314837664365768	0,0375238209962845
1843,157	-0,300721257925034	0,112569577991962
1844,155	-0,238166883587837	0,0375238209962845
1845,157	-0,152084112167358	0,0750467032194138
1846,152	-0,0286805648356676	9,39575329539366E-7
1847,15	0,0942359194159508	0,0750467032194138
1848,147	0,182995945215225	9,39575329539366E-7
1849,139	0,215855300426483	0,0750467032194138
1850,141	0,229079633951187	0,0375238209962845
1851,141	0,200358718633652	0,0750467032194138
1852,137	0,182914942502975	0,150092452764511
1853,132	0,174639090895653	0,150092452764511
1854,127	0,174882099032402	0,112569577991962
1855,123	0,177154347300529	0,0750467032194138
1856,127	0,199465602636337	0,0375238209962845
1857,126	-0,307454943656921	0,0375238209962845
1858,119	0,201007783412933	0,0750467032194138
1859,116	0,169608563184738	-0,0375219397246838
1860,108	0,137399315834045	0,150092452764511
1861,112	-0,0298976935446262	-0,0750448182225227
1862,109	0,0479902289807796	0,150092452764511
1863,1	-0,0231640227138996	9,39575329539366E-7
1864,102	-0,0549682527780533	0,0375238209962845
1865,098	-0,0715189203619957	9,39575329539366E-7
1866,176	0,167012304067612	0,0750467032194138
1867,095	0,221615895628929	0,0375238209962845
1868,23	0,0946419760584831	9,39575329539366E-7
1869,127	0,162631884217262	0,150092452764511
1870,088	0,193380996584892	0,112569577991962
1871,081	-0,117359593510628	0,0750467032194138
1872,084	0,175694212317467	0,0750467032194138
1873,081	0,17317895591259	0,0375238209962845
1874,073	0,164092034101486	9,39575329539366E-7
1875,069	-0,140076905488968	0,150092452764511
1876,072	0,174315080046654	0,112569577991962
1877,069	0,175856217741966	0,0750467032194138
1878,067	0,193543002009392	0,0750467032194138
1879,061	0,194517120718956	0,0750467032194138
1880,063	0,201737850904465	0,0375238209962845
1881,053	0,196788340806961	0,150092452764511
1882,054	0,182670891284943	9,39575329539366E-7
1883,052	0,168554484844208	0,0375238209962845
1884,049	0,137399315834045	9,39575329539366E-7
1885,044	0,060890544205904	0,0750467032194138
1886,048	0,058375284075737	-0,0750448182225227
1887,038	-0,00888457149267197	0,0750467032194138
1888,042	0,171636775135994	9,39575329539366E-7
1889,034	-0,0802008211612701	0,112569577991962
1890,031	-0,103972218930721	-0,0750448182225227
1891,028	-0,117278590798378	0,0750467032194138
1892,032	0,211960896849632	0,112569577991962
1893,026	-0,116872534155846	9,39575329539366E-7
1894,021	-0,116304472088814	0,150092452764511
1895,026	0,165552169084549	0,0750467032194138
1896,022	0,164335042238235	0,0750467032194138
1897,017	0,170825704932213	0,0750467032194138
1898,014	0,191027745604515	0,112569577991962
1899,011	0,193949058651924	0,0750467032194138
1900,004	-0,292769432067871	0,0750467032194138
1901,009	0,185916215181351	-0,0375219397246838
1902,007	0,158088430762291	0,0375238209962845
1903	0,125391080975533	9,39575329539366E-7
1903,995	0,0614586062729359	9,39575329539366E-7
1904,995	0,0101003488525748	-0,0750448182225227
1905,995	-0,0439341329038143	0,0750467032194138
1906,994	0,228430569171906	9,39575329539366E-7
1907,989	-0,108678720891476	0,112569577991962
1908,985	-0,118657723069191	9,39575329539366E-7
1909,986	0,18486213684082	0,112569577991962
1910,976	-0,115818448364735	0,0750467032194138
1911,976	-0,129123777151108	0,0750467032194138
1912,976	-0,160197958350182	0,150092452764511
1913,969	-0,198817908763885	0,0750467032194138
1914,972	0,197843462228775	0,150092452764511
1915,97	0,19970965385437	0,0375238209962845
1916,961	-0,297312885522842	0,112569577991962
1917,961	-0,297231882810593	0,0750467032194138
1918,956	-0,265752702951431	0,150092452764511
1919,954	-0,196383640170097	9,39575329539366E-7
1920,955	0,0346838533878326	0,0750467032194138
1921,954	-0,0283565502613783	-0,0375219397246838
1922,949	-0,0602417849004269	0,150092452764511
1923,944	-0,116872534155846	-0,0750448182225227
1924,939	0,222264960408211	0,0375238209962845
1925,935	0,223076030611992	9,39575329539366E-7
1926,938	-0,115655407309532	0,0750467032194138
1927,934	-0,123850256204605	0,112569577991962
1928,929	-0,139670848846436	0,0750467032194138
1929,926	-0,157601699233055	0,150092452764511
1930,931	-0,216991752386093	0,0375238209962845
1931,928	0,206849381327629	0,0750467032194138
1932,922	-0,303154468536377	0,0750467032194138
1933,918	-0,324573665857315	0,0750467032194138
1934,917	-0,320193231105804	0,0375238209962845
1935,916	-0,26112824678421	0,0750467032194138
1936,914	0,0560220293700695	-0,0750448182225227
1937,911	0,0168350581079721	0,0750467032194138
1938,904	0,0364690460264683	-0,0750448182225227
1939,898	0,118900425732136	0,0750467032194138
1940,901	0,19305594265461	-0,0750448182225227
1941,893	0,22640235722065	0,0375238209962845
1942,895	0,243521094322205	9,39575329539366E-7
1943,891	0,196383327245712	0,0750467032194138
1944,887	0,175775215029716	0,0375238209962845
1945,886	0,166039228439331	0,0375238209962845
1946,886	-0,217802822589874	0,0750467032194138
1947,883	-0,271350234746933	0,0750467032194138
1948,878	-0,296258807182312	9,39575329539366E-7
1949,874	0,204334124922752	0,0750467032194138
1950,877	-0,302019387483597	0,112569577991962
1951,868	0,174720093607903	0,0375238209962845
1952,869	-0,0883136317133904	9,39575329539366E-7
1953,864	0,0111554712057114	-0,0375219397246838
1954,86	-0,00109577958937734	0,0750467032194138
1955,864	0,167824417352676	9,39575329539366E-7
1956,862	0,21837055683136	0,0750467032194138
1957,857	0,235083237290382	-0,0375219397246838
1958,852	0,217964500188828	9,39575329539366E-7
1959,847	0,197681456804276	0,112569577991962
1960,854	-0,152977228164673	0,112569577991962
1961,841	0,17025762796402	0,0750467032194138
1962,844	0,164173036813736	0,0750467032194138
1963,838	0,17699234187603	0,0750467032194138
1964,835	0,19183985888958	0,112569577991962
1965,839	-0,323519587516785	9,39575329539366E-7
1966,836	-0,299179077148438	9,39575329539366E-7
1967,832	-0,289038062095642	9,39575329539366E-7
1968,826	0,180480688810349	0,0375238209962845
1969,824	0,147054299712181	9,39575329539366E-7
1970,824	-0,0973195508122444	-0,0375219397246838
1971,822	0,00993834249675274	9,39575329539366E-7
1972,818	0,0814166069030762	9,39575329539366E-7
1973,813	0,134315997362137	0,0375238209962845
1974,815	0,187945455312729	-0,0750448182225227
1975,805	-0,091558963060379	0,0750467032194138
1976,809	0,232974022626877	-0,0750448182225227
1977,805	0,216179311275482	-0,0375219397246838
1978,801	0,206281319260597	9,39575329539366E-7
1979,795	-0,12174104899168	0,0375238209962845
1980,799	0,178776502609253	0,0750467032194138
1981,789	0,198816537857056	9,39575329539366E-7
1982,792	0,16644424200058	0,150092452764511
1983,787	0,16912254691124	9,39575329539366E-7
1984,789	-0,215125560760498	0,0750467032194138
1985,785	0,16636323928833	0,0750467032194138
1986,783	-0,247253805398941	0,0750467032194138
1987,78	0,186890333890915	0,0375238209962845
1988,773	0,179425567388535	0,0375238209962845
1989,777	-0,293662548065186	0,0750467032194138
1990,772	-0,300072193145752	0,150092452764511
1991,77	-0,308023005723953	0,0750467032194138
1992,767	-0,312485456466675	0,0375238209962845
1993,76	0,204902186989784	0,0750467032194138
1994,755	0,208877578377724	0,0750467032194138
1995,76	-0,321085304021835	0,0375238209962845
1996,755	-0,342585504055023	0,0750467032194138
1997,751	-0,301207274198532	9,39575329539366E-7
1998,747	0,208066508173943	0,0375238209962845
1999,746	-0,298692017793655	0,0750467032194138
2000,739	0,18494313955307	0,0750467032194138
